日期,开盘,收盘,最高,最低,成交量,成交额,振幅,涨跌幅,涨跌额,换手率
2015-01-05,5.66,5.62,6.22,5.56,67471,81800707.00,10.61,-9.65,-0.60,4.22
2015-01-06,5.52,5.64,5.65,5.38,96163,115301643.00,4.80,0.36,0.02,6.02
2015-01-07,5.62,5.58,5.63,5.51,50534,60745566.00,2.13,-1.06,-0.06,3.16
2015-01-08,5.55,5.58,5.65,5.52,47753,57613709.00,2.33,0.00,0.00,2.99
2015-01-09,5.55,5.55,5.63,5.53,41667,50318754.00,1.79,-0.54,-0.03,2.61
2015-01-12,5.55,5.42,5.57,5.39,23191,27405854.00,3.24,-2.34,-0.13,1.45
2015-01-13,5.39,5.53,5.54,5.39,19278,22894538.00,2.77,2.03,0.11,1.21
2015-01-14,5.52,5.56,5.63,5.50,29134,35046020.00,2.35,0.54,0.03,1.82
2015-01-15,5.55,5.61,5.65,5.53,26259,31757518.00,2.16,0.90,0.05,1.64
2015-01-16,5.68,5.77,5.83,5.68,52120,64735901.00,2.67,2.85,0.16,3.26
2015-01-19,5.69,5.68,5.95,5.56,52154,64922537.00,6.76,-1.56,-0.09,3.26
2015-01-20,5.69,5.92,5.92,5.69,37689,47317036.00,4.05,4.23,0.24,2.36
2015-01-21,5.92,6.03,6.08,5.88,39787,51417311.00,3.38,1.86,0.11,2.49
2015-01-22,6.03,6.08,6.10,5.96,32325,41859377.00,2.32,0.83,0.05,2.02
2015-01-23,6.10,5.96,6.13,5.95,24996,32249289.00,2.96,-1.97,-0.12,1.56
2015-01-26,5.95,6.04,6.04,5.92,24854,31983304.00,2.01,1.34,0.08,1.55
2015-01-27,6.04,6.16,6.16,5.98,34504,45093928.00,2.98,1.99,0.12,2.16
2015-01-28,6.20,6.23,6.33,6.13,36145,48189359.00,3.25,1.14,0.07,2.26
2015-01-29,6.18,6.11,6.25,6.10,20465,27026972.00,2.41,-1.93,-0.12,1.28
2015-01-30,6.13,6.11,6.17,6.00,25335,33166370.00,2.78,0.00,0.00,1.59
2015-02-02,6.05,5.94,6.11,5.90,18135,23457729.00,3.44,-2.78,-0.17,1.13
2015-02-03,5.93,6.05,6.08,5.93,20996,27248924.00,2.53,1.85,0.11,1.31
2015-02-04,6.04,6.05,6.13,6.04,17862,23330298.00,1.49,0.00,0.00,1.12
2015-02-05,6.09,6.08,6.22,6.05,27168,35840608.00,2.81,0.50,0.03,1.70
2015-02-06,6.05,5.80,6.06,5.70,21090,26924017.00,5.92,-4.61,-0.28,1.32
2015-02-09,5.82,5.65,5.88,5.62,15013,18643312.00,4.48,-2.59,-0.15,0.94
2015-02-10,5.66,5.79,5.79,5.60,11868,14615758.00,3.36,2.48,0.14,0.74
2015-02-11,5.80,6.35,6.35,5.77,48175,63613393.00,10.02,9.67,0.56,3.01
2015-02-12,6.36,6.45,6.54,6.27,41950,57524277.00,4.25,1.57,0.10,2.62
2015-02-13,6.32,7.14,7.14,6.31,89213,130877056.00,12.87,10.70,0.69,5.58
2015-02-16,7.18,7.55,7.90,7.15,72136,116282168.00,10.50,5.74,0.41,4.51
2015-02-17,7.57,7.74,7.83,7.41,39254,63600760.00,5.56,2.52,0.19,2.46
2015-02-25,7.81,7.60,7.94,7.50,22468,36520955.00,5.68,-1.81,-0.14,1.41
2015-02-26,7.62,7.90,8.18,7.55,43090,72239543.00,8.29,3.95,0.30,2.70
2015-02-27,7.95,8.58,8.73,7.68,50638,89477603.00,13.29,8.61,0.68,3.17
2015-03-02,8.60,8.51,8.75,8.30,40888,73341822.00,5.24,-0.82,-0.07,2.56
2015-03-03,8.50,8.44,8.56,8.20,38890,68686291.00,4.23,-0.82,-0.07,2.43
2015-03-04,8.42,9.10,9.33,8.42,53120,100722044.00,10.78,7.82,0.66,3.32
2015-03-05,9.30,9.29,9.65,8.90,28507,55172976.00,8.24,2.09,0.19,1.78
2015-03-06,9.53,8.42,9.53,8.40,49731,92471518.00,12.16,-9.36,-0.87,3.11
2015-03-09,8.50,8.89,8.98,8.43,26264,48635876.00,6.53,5.58,0.47,3.40
2015-03-10,8.89,9.57,9.71,8.89,26469,52617867.00,9.22,7.65,0.68,3.42
2015-03-11,9.59,9.67,10.04,9.35,30574,62623809.00,7.21,1.04,0.10,3.95
2015-03-12,9.61,9.42,9.76,8.80,29275,57439805.00,9.93,-2.59,-0.25,3.78
2015-03-13,9.50,9.43,9.50,9.05,21190,41166632.00,4.78,0.11,0.01,2.74
2015-03-16,9.43,9.35,9.86,9.33,50666,100693659.00,5.62,-0.85,-0.08,6.55
2015-03-17,9.35,9.55,9.55,8.93,79524,153981821.00,6.63,2.14,0.20,10.28
2015-03-18,9.44,9.43,9.53,9.35,34483,68030711.00,1.88,-1.26,-0.12,4.46
2015-03-19,9.40,9.21,9.47,9.05,43863,85363040.00,4.45,-2.33,-0.22,5.67
2015-03-20,9.24,9.25,9.29,9.05,35367,68087820.00,2.61,0.43,0.04,4.57
2015-03-23,9.24,9.63,9.65,9.16,43245,85484242.00,5.30,4.11,0.38,5.59
2015-03-24,9.66,9.63,9.95,9.19,42997,86421504.00,7.89,0.00,0.00,5.56
2015-03-25,9.52,10.64,10.64,9.52,75323,159338213.00,11.63,10.49,1.01,9.74
2015-03-26,10.66,10.40,11.16,10.30,59014,131514904.00,8.08,-2.26,-0.24,7.63
2015-03-27,10.15,10.41,10.46,9.95,29476,63033886.00,4.90,0.10,0.01,3.81
2015-03-31,10.10,10.30,10.43,9.89,38767,82733081.00,5.19,-1.06,-0.11,5.01
2015-04-01,10.30,10.80,10.81,10.10,25092,55195248.00,6.89,4.85,0.50,3.24
2015-04-02,10.72,10.80,11.04,10.66,19039,42831391.00,3.52,0.00,0.00,2.46
2015-04-03,10.80,11.40,11.61,10.50,34719,81795298.00,10.28,5.56,0.60,4.49
2015-04-07,11.40,12.22,12.57,11.31,35068,86773671.00,11.05,7.19,0.82,4.53
2015-04-08,12.23,12.21,12.53,11.70,19784,49837287.00,6.79,-0.08,-0.01,2.56
2015-04-09,12.05,12.05,12.20,11.45,17967,44100055.00,6.14,-1.31,-0.16,2.32
2015-04-10,12.05,12.81,12.90,11.70,22113,57978149.00,9.96,6.31,0.76,2.86
2015-04-13,12.81,14.14,14.14,12.81,26510,74905524.00,10.38,10.38,1.33,3.43
2015-04-14,14.30,15.54,15.55,13.70,45178,135142051.00,13.08,9.90,1.40,5.84
2015-04-15,15.60,13.94,16.64,13.94,65818,205878218.00,17.37,-10.30,-1.60,8.51
2015-04-16,13.30,13.93,15.05,13.30,43133,126006253.00,12.55,-0.07,-0.01,5.58
2015-04-17,13.76,13.50,13.92,13.30,36515,102110112.00,4.45,-3.09,-0.43,4.72
2015-04-20,13.34,12.25,13.34,12.14,35633,93355136.00,8.89,-9.26,-1.25,4.61
2015-04-21,12.25,13.10,13.23,12.24,34465,90946744.00,8.08,6.94,0.85,4.46
2015-04-22,13.35,13.42,14.03,13.24,35801,101095393.00,6.03,2.44,0.32,4.63
2015-04-23,13.46,13.53,13.69,13.37,28884,80809657.00,2.38,0.82,0.11,3.73
2015-04-24,13.30,13.30,13.47,12.91,23242,63488279.00,4.14,-1.70,-0.23,3.00
2015-04-27,13.35,13.36,13.74,13.25,18465,51177988.00,3.68,0.45,0.06,2.39
2015-04-28,13.33,12.57,13.34,12.44,20047,52820861.00,6.74,-5.91,-0.79,2.59
2015-04-29,12.30,12.90,12.98,12.30,12120,32124005.00,5.41,2.63,0.33,1.57
2015-04-30,12.95,12.77,13.29,12.76,19882,53594620.00,4.11,-1.01,-0.13,2.57
2015-05-04,12.71,12.29,12.84,12.17,32614,83416195.00,5.25,-3.76,-0.48,4.22
2015-05-05,12.35,11.85,12.41,11.70,22502,56322199.00,5.78,-3.58,-0.44,2.91
2015-05-06,11.81,11.80,12.24,11.71,24291,60622032.00,4.47,-0.42,-0.05,3.14
2015-05-07,11.76,11.60,11.94,11.56,28827,70424951.00,3.22,-1.69,-0.20,3.73
2015-05-08,11.78,12.22,12.25,11.61,48849,120426717.00,5.52,5.34,0.62,6.31
2015-05-11,12.30,13.48,13.48,12.30,67234,180079814.00,9.66,10.31,1.26,8.69
2015-05-12,13.74,14.55,14.88,13.74,77799,231927156.00,8.46,7.94,1.07,10.06
2015-05-13,14.78,15.36,15.74,14.11,50754,157778250.00,11.20,5.57,0.81,6.56
2015-05-14,15.36,15.44,15.73,14.70,43629,136979339.00,6.71,0.52,0.08,5.64
2015-05-15,15.30,16.05,16.99,14.95,54367,174533487.00,13.21,3.95,0.61,7.02
2015-05-18,16.50,17.34,17.34,16.15,54402,187539333.00,7.41,8.04,1.29,7.03
2015-05-19,18.05,18.77,19.02,16.62,138173,245282233.00,13.84,8.25,1.43,8.93
2015-05-20,18.20,19.84,20.18,18.02,119812,237979580.00,11.51,5.70,1.07,7.74
2015-05-21,20.00,20.03,20.60,19.20,133599,270036480.00,7.06,0.96,0.19,8.63
2015-05-22,20.05,19.28,20.42,19.02,119368,236826039.00,6.99,-3.74,-0.75,7.71
2015-05-25,18.72,18.54,19.17,17.72,125887,237397288.00,7.52,-3.84,-0.74,8.13
2015-05-26,18.80,19.08,19.46,18.53,148618,289428960.00,5.02,2.91,0.54,9.60
2015-05-27,19.07,19.51,19.74,18.53,150269,292131872.00,6.34,2.25,0.43,9.71
2015-05-28,19.51,18.95,21.22,18.90,185742,384836720.00,11.89,-2.87,-0.56,12.00
2015-05-29,18.80,19.65,19.84,17.65,124872,243799288.00,11.56,3.69,0.70,8.07
2015-06-01,20.03,20.84,20.91,19.91,139030,289619872.00,5.09,6.06,1.19,8.98
2015-06-02,20.91,21.48,21.48,20.42,143568,306094624.00,5.09,3.07,0.64,9.27
2015-06-03,21.37,20.68,21.37,20.08,115065,243725578.00,6.01,-3.72,-0.80,7.43
2015-06-04,20.62,20.02,20.62,18.58,86539,174073223.00,9.86,-3.19,-0.66,5.59
2015-06-05,20.20,19.82,20.50,19.30,87460,178606160.00,5.99,-1.00,-0.20,5.65
2015-06-08,19.84,18.86,20.00,18.40,86731,167049292.00,8.07,-4.84,-0.96,5.60
2015-06-09,18.62,19.00,19.08,18.12,81395,155585074.00,5.09,0.74,0.14,5.26
2015-06-10,18.64,19.16,19.58,18.39,81644,157776384.00,6.26,0.84,0.16,5.27
2015-06-11,19.14,18.77,19.14,18.54,96082,183472186.00,3.13,-2.04,-0.39,6.21
2015-06-12,18.82,19.02,19.19,18.67,74853,144846591.00,2.77,1.33,0.25,4.84
2015-06-15,19.07,19.77,20.19,18.32,166398,330061520.00,9.83,3.94,0.75,10.75
2015-06-16,18.95,18.13,19.51,18.10,101407,192600840.00,7.13,-8.30,-1.64,6.55
2015-06-17,18.12,18.38,18.44,16.82,70150,126812498.00,8.94,1.38,0.25,4.53
2015-06-18,18.17,17.11,18.72,16.87,49844,91418828.00,10.07,-6.91,-1.27,3.22
2015-06-19,16.60,15.64,16.80,15.52,65443,107683911.00,7.48,-8.59,-1.47,4.23
2015-06-23,15.69,15.66,16.27,14.21,56051,89094291.00,13.17,0.13,0.02,3.62
2015-06-24,15.72,15.98,16.11,15.31,55818,90399944.00,5.11,2.04,0.32,3.61
2015-06-25,16.21,14.88,16.31,14.63,70939,113779744.00,10.51,-6.88,-1.10,4.58
2015-06-26,14.12,13.35,14.37,13.35,58146,81251078.00,6.85,-10.28,-1.53,3.76
2015-06-29,13.36,11.98,13.72,11.98,39718,50782223.00,13.03,-10.26,-1.37,2.57
2015-06-30,10.83,12.21,12.69,10.74,113629,136506123.00,16.28,1.92,0.23,7.34
2015-07-01,12.21,11.80,13.12,11.57,152171,197836126.00,12.69,-3.36,-0.41,9.83
2015-07-02,11.28,10.58,11.77,10.58,92630,105137995.00,10.08,-10.34,-1.22,5.98
2015-07-03,10.10,9.48,10.67,9.48,102278,103393320.00,11.25,-10.40,-1.10,6.61
2015-07-06,10.02,8.66,10.47,8.58,99043,101064628.00,19.94,-8.65,-0.82,6.40
2015-07-14,9.56,9.56,9.56,9.56,2862,2844828.00,0.00,10.39,0.90,0.18
2015-07-15,10.55,10.45,10.55,9.32,229228,244737462.00,12.87,9.31,0.89,14.81
2015-07-16,10.42,10.79,11.20,9.37,150102,165543205.00,17.51,3.25,0.34,9.70
2015-07-17,10.79,11.89,11.91,10.79,149931,175246194.00,10.38,10.19,1.10,9.69
2015-07-20,12.07,12.62,12.62,11.32,164780,204714833.00,10.93,6.14,0.73,10.64
2015-07-21,12.22,13.02,13.92,11.92,189403,247337639.00,15.85,3.17,0.40,12.24
2015-07-22,12.65,12.63,13.02,12.34,108264,141706478.00,5.22,-3.00,-0.39,6.99
2015-07-23,12.61,12.89,13.02,12.37,157033,205895630.00,5.15,2.06,0.26,10.14
2015-07-24,12.84,12.48,13.36,12.42,144719,192321857.00,7.29,-3.18,-0.41,9.35
2015-07-27,11.62,11.19,12.25,11.19,118563,142772234.00,8.49,-10.34,-1.29,7.66
2015-07-28,10.03,10.03,11.03,10.03,154444,163196450.00,8.94,-10.37,-1.16,9.98
2015-07-29,10.22,10.66,10.70,9.61,85165,89651580.00,10.87,6.28,0.63,5.50
2015-07-30,10.52,10.14,10.89,10.07,88562,97568944.00,7.69,-4.88,-0.52,5.72
2015-07-31,9.76,9.81,10.25,9.63,50154,51878574.00,6.11,-3.25,-0.33,3.24
2015-08-03,9.76,8.92,9.76,8.81,53061,51087989.00,9.68,-9.07,-0.89,3.43
2015-08-04,8.96,9.85,9.85,8.90,95397,93585303.00,10.65,10.43,0.93,6.16
2015-08-05,9.95,9.95,10.31,9.72,92502,96586679.00,5.99,1.02,0.10,5.98
2015-08-06,9.62,10.49,10.61,9.53,100641,107321952.00,10.85,5.43,0.54,6.50
2015-08-07,10.62,10.94,11.09,10.50,105327,118265222.00,5.62,4.29,0.45,6.80
2015-08-10,11.14,11.65,11.74,10.90,108152,126524657.00,7.68,6.49,0.71,6.99
2015-08-11,11.53,11.71,11.92,11.40,102731,123819742.00,4.46,0.52,0.06,6.64
2015-08-12,11.52,11.28,11.92,11.26,93532,112423322.00,5.64,-3.67,-0.43,6.04
2015-08-13,11.19,11.82,11.91,10.95,109658,130655266.00,8.51,4.79,0.54,7.08
2015-08-14,11.83,12.22,12.70,11.77,137013,173913786.00,7.87,3.38,0.40,8.85
2015-08-17,12.24,12.62,12.76,11.92,92602,117305376.00,6.87,3.27,0.40,5.98
2015-08-18,12.57,11.32,12.66,11.32,93524,115016435.00,10.62,-10.30,-1.30,6.04
2015-08-19,10.70,11.52,11.76,10.22,85384,95918312.00,13.60,1.77,0.20,5.52
2015-08-20,11.22,10.72,11.50,10.70,63210,73178391.00,6.94,-6.94,-0.80,4.08
2015-08-21,10.12,9.80,10.47,9.80,67624,71266599.00,6.25,-8.58,-0.92,4.37
2015-08-24,9.18,8.78,9.60,8.78,50734,47462809.00,8.37,-10.41,-1.02,3.28
2015-08-25,8.17,7.86,8.55,7.86,55041,46672310.00,7.86,-10.48,-0.92,3.56
2015-08-26,8.03,7.83,8.47,7.52,58587,49619648.00,12.09,-0.38,-0.03,3.78
2015-08-27,8.07,8.32,8.42,7.81,41951,35686794.00,7.79,6.26,0.49,2.71
2015-08-28,8.61,9.14,9.19,8.44,75774,69751235.00,9.01,9.86,0.82,4.90
2015-08-31,9.00,8.62,9.07,8.60,39032,35818123.00,5.14,-5.69,-0.52,2.52
2015-09-01,8.57,7.80,8.57,7.78,43368,36736970.00,9.16,-9.51,-0.82,2.80
2015-09-02,7.48,7.23,8.15,6.98,43187,34340321.00,15.00,-7.31,-0.57,2.79
2015-09-07,7.47,7.66,7.80,7.46,34298,27468884.00,4.70,5.95,0.43,2.22
2015-09-08,7.62,8.38,8.46,7.53,36695,30521484.00,12.14,9.40,0.72,2.37
2015-09-09,8.42,8.80,8.95,8.40,54297,49531062.00,6.56,5.01,0.42,3.51
2015-09-10,8.72,8.63,8.89,8.57,33135,30262574.00,3.64,-1.93,-0.17,2.14
2015-09-11,8.67,8.70,8.85,8.54,25886,23512312.00,3.59,0.81,0.07,1.67
2015-09-14,8.75,7.79,8.78,7.79,33488,28546170.00,11.38,-10.46,-0.91,2.16
2015-09-15,7.33,6.98,7.68,6.97,35879,27596803.00,9.11,-10.40,-0.81,2.32
2015-09-16,6.98,7.72,7.72,6.98,42307,32930322.00,10.60,10.60,0.74,2.73
2015-09-17,7.90,7.63,8.08,7.53,49067,40340357.00,7.12,-1.17,-0.09,3.17
2015-09-18,7.61,7.80,7.90,7.43,33403,26895842.00,6.16,2.23,0.17,2.16
2015-09-21,7.63,8.23,8.25,7.62,51807,43487366.00,8.08,5.51,0.43,3.35
2015-09-22,8.37,8.52,8.70,8.25,59250,52496208.00,5.47,3.52,0.29,3.83
2015-09-23,8.32,8.51,8.82,8.18,55352,49637764.00,7.51,-0.12,-0.01,3.58
2015-09-24,8.61,8.63,8.82,8.50,37237,33699796.00,3.76,1.41,0.12,2.41
2015-09-25,8.69,7.99,8.69,7.90,45185,38868008.00,9.15,-7.42,-0.64,2.92
2015-09-28,7.99,8.38,8.39,7.90,31876,27353779.00,6.13,4.88,0.39,2.06
2015-09-29,8.23,8.22,8.37,8.03,26807,23032065.00,4.06,-1.91,-0.16,1.73
2015-09-30,8.44,9.08,9.08,8.44,114392,107446256.00,7.79,10.46,0.86,7.39
2015-10-08,9.62,10.03,10.03,9.50,104315,106144766.00,5.84,10.46,0.95,6.74
2015-10-09,10.73,11.07,11.07,10.58,69295,78123730.00,4.89,10.37,1.04,4.48
2015-10-12,12.22,12.22,12.22,12.22,19041,23991735.00,0.00,10.39,1.15,1.23
2015-10-13,13.32,13.48,13.48,13.05,220713,304506832.00,3.52,10.31,1.26,14.26
2015-10-14,14.87,14.87,14.87,14.13,534084,807366240.00,5.49,10.31,1.39,34.50
2015-10-15,14.12,15.70,16.02,13.98,493786,764679824.00,13.72,5.58,0.83,31.90
2015-10-16,15.61,17.31,17.31,15.43,432604,727480400.00,11.97,10.25,1.61,27.95
2015-10-19,16.74,16.92,17.77,16.13,460648,791759392.00,9.47,-2.25,-0.39,29.76
2015-10-20,16.72,17.59,18.00,16.50,419250,738788512.00,8.87,3.96,0.67,27.08
2015-10-21,16.62,15.79,17.32,15.79,427048,718988976.00,8.70,-10.23,-1.80,27.59
2015-10-22,15.82,17.41,17.41,15.54,428199,720640848.00,11.84,10.26,1.62,27.66
2015-10-23,17.91,19.19,19.19,17.42,515699,970346128.00,10.17,10.22,1.78,33.31
2015-10-26,19.06,17.23,19.23,17.23,562474,1022486448.00,10.42,-10.21,-1.96,36.34
2015-10-27,16.57,16.78,17.27,15.57,311984,526104416.00,9.87,-2.61,-0.45,20.15
2015-10-28,16.42,15.98,17.30,15.83,232102,393346752.00,8.76,-4.77,-0.80,14.99
2015-10-29,16.12,16.33,17.18,15.92,260896,439242816.00,7.88,2.19,0.35,16.85
2015-10-30,16.00,15.72,16.71,15.30,260103,424152032.00,8.63,-3.74,-0.61,16.80
2015-11-02,14.93,14.34,15.47,14.12,242943,368344768.00,8.59,-8.78,-1.38,15.69
2015-11-03,14.49,14.77,15.07,14.23,188314,283104912.00,5.86,3.00,0.43,12.17
2015-11-04,14.82,15.62,15.99,14.62,275381,433833872.00,9.28,5.75,0.85,17.79
2015-11-05,15.42,15.01,15.66,14.63,229018,355298640.00,6.59,-3.91,-0.61,14.79
2015-11-06,15.16,15.36,15.77,15.02,204865,325287040.00,5.00,2.33,0.35,13.23
2015-11-09,15.32,16.18,16.61,14.80,270085,437146096.00,11.78,5.34,0.82,17.45
2015-11-10,15.77,16.07,16.77,15.64,250129,413165664.00,6.98,-0.68,-0.11,16.16
2015-11-11,16.13,16.57,16.80,15.58,247327,411822304.00,7.59,3.11,0.50,15.98
2015-11-12,16.50,17.32,18.22,16.05,368298,640284592.00,13.10,4.53,0.75,23.79
2015-11-13,16.72,15.98,17.41,15.55,273338,459852928.00,10.74,-7.74,-1.34,17.66
2015-11-16,15.42,15.92,16.10,15.22,150979,242267170.00,5.51,-0.38,-0.06,9.75
2015-11-17,15.97,15.89,16.92,15.64,185571,309780880.00,8.04,-0.19,-0.03,11.99
2015-11-18,15.77,15.18,16.22,15.13,124861,200177631.00,6.86,-4.47,-0.71,8.07
2015-11-19,15.13,15.78,16.12,14.90,151499,240160361.00,8.04,3.95,0.60,9.79
2015-11-20,15.80,16.08,16.54,15.71,181673,301020112.00,5.26,1.90,0.30,11.74
2015-11-23,16.16,15.28,16.21,15.15,136347,218284352.00,6.59,-4.98,-0.80,8.81
2015-11-24,15.14,16.11,16.12,15.14,129899,209577806.00,6.41,5.43,0.83,8.39
2015-11-25,15.87,17.76,17.76,15.86,309301,544376464.00,11.79,10.24,1.65,19.98
2015-11-26,18.12,16.67,18.22,16.54,300092,530268960.00,9.46,-6.14,-1.09,19.39
2015-11-27,16.23,14.97,16.93,14.97,188562,309481008.00,11.76,-10.20,-1.70,12.18
2015-11-30,14.62,14.47,14.94,13.48,181272,266170767.00,9.75,-3.34,-0.50,11.71
2015-12-01,14.42,14.15,14.59,13.62,113056,165792514.00,6.70,-2.21,-0.32,7.30
2015-12-02,14.23,14.44,14.79,13.62,100080,147632845.00,8.27,2.05,0.29,6.47
2015-12-03,14.44,14.84,15.05,14.44,100194,151632222.00,4.22,2.77,0.40,6.47
2015-12-04,15.07,16.36,16.36,15.04,116082,190510566.00,8.89,10.24,1.52,7.50
2015-12-07,16.92,16.62,17.17,15.84,222481,372921136.00,8.13,1.59,0.26,14.37
2015-12-08,16.12,15.92,16.35,15.84,127631,209580500.00,3.07,-4.21,-0.70,8.25
2015-12-09,15.47,16.47,16.71,15.07,178149,292555280.00,10.30,3.45,0.55,11.51
2015-12-10,16.22,15.72,16.45,15.51,119812,195812513.00,5.71,-4.55,-0.75,7.74
2015-12-11,15.42,14.90,15.71,14.87,77254,120472836.00,5.34,-5.22,-0.82,4.99
2015-12-14,14.62,16.43,16.43,14.47,121644,198412339.00,13.15,10.27,1.53,7.86
2015-12-15,17.07,18.10,18.11,16.70,342154,615728144.00,8.58,10.16,1.67,22.10
2015-12-16,17.62,19.95,19.95,17.43,274701,520371888.00,13.92,10.22,1.85,17.75
2015-12-17,21.00,21.98,21.98,20.32,143003,309811088.00,8.32,10.18,2.03,9.24
2015-12-18,23.12,21.49,24.22,21.32,503352,1162309632.00,13.19,-2.23,-0.49,32.52
2015-12-21,21.55,21.50,22.11,20.88,320532,704764080.00,5.72,0.05,0.01,20.71
2015-12-22,21.55,21.03,21.96,20.65,254536,552092592.00,6.09,-2.19,-0.47,16.44
2015-12-23,20.74,20.72,21.37,20.12,236781,499756512.00,5.94,-1.47,-0.31,15.30
2015-12-24,20.32,20.54,21.26,20.20,166727,351491888.00,5.12,-0.87,-0.18,10.77
2015-12-25,20.64,19.73,21.59,19.62,244574,515065312.00,9.59,-3.94,-0.81,15.80
2015-12-28,19.70,19.33,20.10,19.04,159039,316538448.00,5.37,-2.03,-0.40,10.27
2015-12-29,19.42,19.82,19.90,18.75,149212,293451664.00,5.95,2.53,0.49,9.64
2015-12-30,19.57,20.02,20.28,19.35,172788,349855232.00,4.69,1.01,0.20,11.16
2015-12-31,20.50,18.56,20.62,18.51,147445,292784864.00,10.54,-7.29,-1.46,9.54
2016-04-05,16.67,16.67,16.67,16.67,18672,31835760.00,0.00,-10.18,-1.89,0.58
2016-04-06,16.52,18.38,18.38,16.35,276310,485500016.00,12.18,10.26,1.71,8.65
2016-04-07,18.14,18.58,19.90,18.05,261182,507179456.00,10.07,1.09,0.20,8.17
2016-04-08,18.11,17.24,18.92,17.03,195225,361497664.00,10.17,-7.21,-1.34,6.11
2016-04-11,17.61,19.00,19.00,17.12,101883,192632824.00,10.90,10.21,1.76,3.19
2016-04-12,20.00,18.90,20.00,18.44,245502,480521248.00,8.21,-0.53,-0.10,7.68
2016-04-13,18.92,18.96,19.27,18.53,186290,359682576.00,3.92,0.32,0.06,5.83
2016-04-14,18.97,18.74,19.12,18.50,117249,223815249.00,3.27,-1.16,-0.22,3.67
2016-04-15,18.62,18.49,19.14,18.38,100627,192073590.00,4.06,-1.33,-0.25,3.15
2016-04-18,18.12,17.91,18.13,17.43,99304,179876891.00,3.79,-3.14,-0.58,3.11
2016-04-19,18.00,18.17,18.72,18.00,96145,179775015.00,4.02,1.45,0.26,3.01
2016-04-20,18.12,16.43,18.30,16.32,143409,250020286.00,10.90,-9.58,-1.74,4.49
2016-04-21,16.44,15.47,16.51,15.25,98726,161302911.00,7.67,-5.84,-0.96,3.09
2016-04-22,15.42,16.05,16.05,14.56,81082,130680971.00,9.63,3.75,0.58,2.54
2016-04-25,16.25,15.64,16.25,15.27,70754,113436631.00,6.11,-2.55,-0.41,2.21
2016-04-26,15.70,15.96,16.07,15.54,65052,105319848.00,3.39,2.05,0.32,2.04
2016-04-27,15.96,16.06,16.60,15.88,90404,150038321.00,4.51,0.63,0.10,2.83
2016-04-28,16.06,16.02,16.19,15.32,81089,130850633.00,5.42,-0.25,-0.04,2.54
2016-04-29,15.78,15.82,16.17,15.70,64805,105681081.00,2.93,-1.25,-0.20,2.03
2016-05-03,15.81,16.58,16.60,15.44,108102,179399936.00,7.33,4.80,0.76,3.38
2016-05-04,16.47,17.36,18.22,16.34,166927,297931552.00,11.34,4.70,0.78,5.22
2016-05-05,17.07,17.48,17.50,17.02,96668,170550088.00,2.76,0.69,0.12,3.03
2016-05-06,17.36,15.85,17.58,15.82,122094,208619918.00,10.07,-9.32,-1.63,3.82
2016-05-09,15.62,14.92,15.62,14.75,87891,137005717.00,5.49,-5.87,-0.93,2.75
2016-05-10,14.91,14.99,15.62,14.84,48040,74292411.00,5.23,0.47,0.07,1.50
2016-05-11,15.29,14.38,15.29,14.32,62283,94059348.00,6.47,-4.07,-0.61,1.95
2016-05-12,13.90,14.70,14.92,13.72,81812,121345612.00,8.34,2.23,0.32,2.56
2016-05-13,14.65,14.66,15.37,14.47,76100,116676766.00,6.12,-0.27,-0.04,2.38
2016-05-16,14.42,15.04,15.12,14.37,69788,106144768.00,5.12,2.59,0.38,2.18
2016-05-17,14.94,16.58,16.58,14.82,118368,191929675.00,11.70,10.24,1.54,3.70
2016-05-18,16.59,16.57,17.09,15.94,242867,413513344.00,6.94,-0.06,-0.01,7.60
2016-05-19,16.12,16.65,16.92,15.98,154252,261864749.00,5.67,0.48,0.08,4.83
2016-05-20,16.32,16.76,17.09,15.93,133816,227122063.00,6.97,0.66,0.11,4.19
2016-05-23,17.07,17.00,17.99,16.83,156145,277723504.00,6.92,1.43,0.24,4.89
2016-05-24,16.62,16.51,16.83,16.12,94382,158731685.00,4.18,-2.88,-0.49,2.95
2016-05-25,17.07,16.36,17.11,16.11,71384,121250428.00,6.06,-0.91,-0.15,2.23
2016-05-26,16.38,16.30,16.50,15.50,74936,122407982.00,6.11,-0.37,-0.06,2.35
2016-05-27,16.18,16.14,16.72,16.12,60283,100877034.00,3.68,-0.98,-0.16,1.89
2016-05-30,16.30,16.90,17.26,16.09,129684,222219562.00,7.25,4.71,0.76,4.06
2016-05-31,16.99,17.81,17.92,16.72,144994,259601064.00,7.10,5.38,0.91,4.54
2016-06-01,17.78,18.73,19.62,17.64,207827,397038864.00,11.12,5.17,0.92,6.50
2016-06-02,18.62,18.75,19.30,18.42,145640,281397184.00,4.70,0.11,0.02,4.56
2016-06-03,18.70,18.46,19.65,18.42,158855,309496576.00,6.56,-1.55,-0.29,4.97
2016-06-06,18.44,20.34,20.34,18.42,210868,426247376.00,10.40,10.18,1.88,6.60
2016-06-07,20.72,22.41,22.41,20.62,215043,480801920.00,8.80,10.18,2.07,6.73
2016-06-08,22.62,22.21,23.00,21.33,238670,536301296.00,7.45,-0.89,-0.20,7.47
2016-06-13,21.42,21.62,24.22,21.33,243026,563321440.00,13.01,-2.66,-0.59,7.61
2016-06-14,21.14,23.82,23.82,21.14,167705,397482208.00,12.40,10.18,2.20,5.25
2016-06-15,25.52,26.23,26.23,25.52,50793,133415648.00,2.98,10.12,2.41,1.59
2016-06-16,28.88,28.88,28.88,28.88,23257,67817703.00,0.00,10.10,2.65,0.73
2016-06-17,31.80,30.60,31.80,29.68,617305,1944352304.00,7.34,5.96,1.72,19.32
2016-06-20,31.05,29.71,31.31,29.08,376484,1138289168.00,7.29,-2.91,-0.89,11.78
2016-06-21,29.91,27.82,30.32,27.12,426961,1242964528.00,10.77,-6.36,-1.89,13.36
2016-06-22,27.84,27.97,28.20,26.70,368642,1024066064.00,5.39,0.54,0.15,11.54
2016-06-23,27.70,27.21,27.97,26.54,251251,692160288.00,5.11,-2.72,-0.76,7.86
2016-06-24,26.92,26.56,27.64,25.54,260047,701869344.00,7.72,-2.39,-0.65,8.14
2016-06-27,26.60,27.68,28.52,26.34,329562,915662752.00,8.21,4.22,1.12,10.31
2016-06-28,27.46,26.97,27.67,26.20,289833,785440240.00,5.31,-2.57,-0.71,9.07
2016-06-29,27.24,27.30,28.71,26.84,361923,1012031040.00,6.93,1.22,0.33,11.33
2016-06-30,26.32,26.71,26.87,25.60,281784,744207408.00,4.65,-2.16,-0.59,8.82
2016-07-01,26.73,26.71,27.10,26.23,190026,512689456.00,3.26,0.00,0.00,5.95
2016-07-04,26.23,27.08,27.36,26.02,166560,451722912.00,5.02,1.39,0.37,5.21
2016-07-05,27.40,27.72,28.80,27.10,325721,916672960.00,6.28,2.36,0.64,10.19
2016-07-06,28.02,30.52,30.52,27.76,259996,770575520.00,9.96,10.10,2.80,8.14
2016-07-07,31.38,28.37,31.38,28.27,485325,1441614416.00,10.19,-7.04,-2.15,15.19
2016-07-08,27.51,26.40,27.51,26.33,272971,739517968.00,4.16,-6.94,-1.97,8.54
2016-07-11,26.55,24.82,26.72,24.77,239258,619314864.00,7.39,-5.98,-1.58,7.49
2016-07-12,25.07,25.56,25.66,24.43,170571,434409184.00,4.96,2.98,0.74,5.34
2016-07-13,25.64,25.09,25.65,24.72,144423,364660800.00,3.64,-1.84,-0.47,4.52
2016-07-14,25.09,25.06,25.49,24.78,117412,299020400.00,2.83,-0.12,-0.03,3.67
2016-07-15,25.02,24.78,25.29,24.44,108038,271468720.00,3.39,-1.12,-0.28,3.38
2016-07-18,24.79,25.02,25.22,24.59,71858,181040371.00,2.54,0.97,0.24,2.25
2016-07-19,25.03,24.86,25.10,24.63,62749,157192246.00,1.88,-0.64,-0.16,1.96
2016-07-20,24.81,25.09,25.52,24.74,116098,295687728.00,3.14,0.93,0.23,3.63
2016-07-21,25.10,24.28,25.14,24.22,113121,281340336.00,3.67,-3.23,-0.81,3.54
2016-07-22,24.05,23.29,24.30,23.25,112697,269363104.00,4.32,-4.08,-0.99,3.53
2016-07-25,23.05,22.58,23.13,22.34,83677,192229032.00,3.39,-3.05,-0.71,2.62
2016-07-26,22.53,22.78,22.94,22.52,74301,171078762.00,1.86,0.89,0.20,2.33
2016-07-27,22.79,20.93,22.99,20.78,107936,237566554.00,9.70,-8.12,-1.85,3.38
2016-07-28,21.14,20.91,21.23,20.15,112186,234921647.00,5.16,-0.10,-0.02,3.51
2016-07-29,20.82,20.78,21.01,20.40,70324,147884917.00,2.92,-0.62,-0.13,2.20
2016-08-01,20.53,21.41,21.82,19.80,144774,309987392.00,9.72,3.03,0.63,4.53
2016-08-02,21.13,22.77,23.22,21.13,193374,442119328.00,9.76,6.35,1.36,6.05
2016-08-03,22.69,22.44,23.17,22.29,108205,247723138.00,3.86,-1.45,-0.33,3.39
2016-08-04,22.80,23.12,23.42,21.94,158816,365994704.00,6.60,3.03,0.68,4.97
2016-08-05,22.94,22.88,23.63,22.72,121063,284243232.00,3.94,-1.04,-0.24,3.79
2016-08-08,22.71,22.63,22.81,22.03,68585,156171882.00,3.41,-1.09,-0.25,2.15
2016-08-09,22.64,22.84,23.22,22.42,81185,186460972.00,3.54,0.93,0.21,2.54
2016-08-10,23.22,22.98,24.11,22.94,109155,259584869.00,5.12,0.61,0.14,3.42
2016-08-11,22.52,21.97,22.67,21.91,87735,197663527.00,3.31,-4.40,-1.01,2.75
2016-08-12,22.30,22.30,22.67,22.00,72749,164317313.00,3.05,1.50,0.33,2.28
2016-08-15,22.20,22.66,22.92,21.92,100686,229206499.00,4.48,1.61,0.36,3.15
2016-08-16,22.77,23.42,23.75,22.49,157303,371620240.00,5.56,3.35,0.76,4.92
2016-08-17,23.22,23.70,24.07,23.09,132917,317131808.00,4.18,1.20,0.28,4.16
2016-08-18,23.70,23.31,24.01,23.17,84344,200604774.00,3.54,-1.65,-0.39,2.64
2016-08-19,23.48,23.17,23.49,23.11,40771,95912929.00,1.63,-0.60,-0.14,1.28
2016-08-22,23.02,22.62,23.68,22.62,55333,129331666.00,4.57,-2.37,-0.55,1.73
2016-08-23,22.73,22.22,22.78,22.03,58979,133163624.00,3.32,-1.77,-0.40,1.85
2016-08-24,22.19,22.46,22.62,22.11,45692,103459756.00,2.30,1.08,0.24,1.43
2016-08-25,22.18,22.19,22.37,21.80,52795,117915940.00,2.54,-1.20,-0.27,1.65
2016-08-26,22.24,22.33,22.61,22.20,35514,80515166.00,1.85,0.63,0.14,1.11
2016-08-29,22.34,21.64,22.38,21.62,43211,96169838.00,3.40,-3.09,-0.69,1.35
2016-08-30,21.74,21.66,22.12,21.64,34905,77063738.00,2.22,0.09,0.02,1.09
2016-08-31,21.65,21.83,22.12,21.65,29860,65964677.00,2.17,0.78,0.17,0.93
2016-09-01,21.72,21.77,22.09,21.63,36971,82172685.00,2.11,-0.27,-0.06,1.16
2016-09-02,21.77,21.75,22.00,21.50,33501,73711222.00,2.30,-0.09,-0.02,1.05
2016-09-05,21.75,21.88,22.18,21.73,39432,87676773.00,2.07,0.60,0.13,1.23
2016-09-06,21.89,24.10,24.10,21.88,108292,258958986.00,10.15,10.15,2.22,3.39
2016-09-07,25.32,24.11,25.38,24.03,274826,686673072.00,5.60,0.04,0.01,8.60
2016-09-08,23.71,23.78,24.19,23.37,127578,306095840.00,3.40,-1.37,-0.33,3.99
2016-09-09,24.16,26.19,26.19,23.82,199975,515504576.00,9.97,10.13,2.41,6.26
2016-09-12,25.28,26.31,27.22,24.72,340041,884046304.00,9.55,0.46,0.12,10.64
2016-09-13,26.01,25.70,26.34,25.40,182937,476970176.00,3.57,-2.32,-0.61,5.73
2016-09-14,24.87,23.72,25.25,23.17,187966,460672752.00,8.09,-7.70,-1.98,5.88
2016-09-19,23.96,23.88,24.07,23.34,107831,258897054.00,3.08,0.67,0.16,3.37
2016-09-20,23.82,24.28,24.32,23.43,137965,334297520.00,3.73,1.68,0.40,4.32
2016-09-21,23.95,23.10,23.96,23.10,142519,338663760.00,3.54,-4.86,-1.18,4.46
2016-09-22,23.22,22.86,23.31,22.79,112062,260962683.00,2.25,-1.04,-0.24,3.51
2016-09-23,22.99,22.72,23.08,22.72,65357,151140165.00,1.57,-0.61,-0.14,2.05
2016-09-26,22.74,20.72,22.75,20.47,122741,269264512.00,10.04,-8.80,-2.00,3.84
2016-09-27,20.57,20.76,20.97,20.04,100080,208204455.00,4.49,0.19,0.04,3.13
2016-09-28,20.82,20.27,20.99,20.07,89237,185054300.00,4.43,-2.36,-0.49,2.79
2016-09-29,20.04,19.73,20.17,19.63,126913,255282739.00,2.66,-2.66,-0.54,3.97
2016-09-30,19.83,20.02,20.25,19.72,72055,146598277.00,2.69,1.47,0.29,2.26
2016-10-10,20.22,20.67,20.90,20.03,72952,151805351.00,4.35,3.25,0.65,2.28
2016-10-11,20.87,20.81,20.87,20.52,62519,131313026.00,1.69,0.68,0.14,1.96
2016-10-12,20.74,20.80,20.87,20.54,52190,109694821.00,1.59,-0.05,-0.01,1.63
2016-10-13,20.78,20.93,21.57,20.75,90821,195301576.00,3.94,0.63,0.13,2.84
2016-10-14,20.94,20.99,21.11,20.44,61119,128624679.00,3.20,0.29,0.06,1.91
2016-10-17,21.22,20.72,21.32,20.65,79591,169273027.00,3.19,-1.29,-0.27,2.49
2016-10-18,20.72,22.82,22.82,20.72,124407,280225120.00,10.14,10.14,2.10,3.89
2016-10-19,23.92,23.67,24.10,23.22,334928,800337280.00,3.86,3.72,0.85,10.48
2016-10-20,23.60,23.54,23.69,23.00,199108,471354832.00,2.92,-0.55,-0.13,6.23
2016-10-21,23.34,22.67,23.67,22.22,149525,346259728.00,6.16,-3.70,-0.87,4.68
2016-10-24,22.40,22.75,23.03,22.40,104228,239432691.00,2.78,0.35,0.08,3.26
2016-10-25,22.62,22.47,22.90,22.38,79912,182369449.00,2.29,-1.23,-0.28,2.50
2016-10-26,22.40,21.90,22.71,21.63,111201,248785437.00,4.81,-2.54,-0.57,3.48
2016-10-27,22.00,21.81,22.02,21.52,62949,138287746.00,2.28,-0.41,-0.09,1.97
2016-10-28,21.91,21.10,21.97,21.02,83771,182314768.00,4.36,-3.26,-0.71,2.62
2016-10-31,21.02,21.33,21.80,20.72,99172,214353654.00,5.12,1.09,0.23,3.10
2016-11-01,21.22,21.63,21.90,21.22,80626,175984847.00,3.19,1.41,0.30,2.52
2016-11-02,21.58,21.11,21.58,21.07,65087,140217208.00,2.36,-2.40,-0.52,2.04
2016-11-03,20.84,21.22,21.90,20.84,107617,234316248.00,5.02,0.52,0.11,3.37
2016-11-04,21.27,23.37,23.37,21.27,114498,265627014.00,9.90,10.13,2.15,3.58
2016-11-07,23.74,22.74,24.57,22.67,422740,1014883072.00,8.13,-2.70,-0.63,13.23
2016-11-08,22.27,23.35,23.39,22.27,169249,393749840.00,4.93,2.68,0.61,5.30
2016-11-09,23.24,22.13,23.27,21.87,206746,470003392.00,6.00,-5.22,-1.22,6.47
2016-11-10,22.42,22.15,22.57,22.00,130854,294349680.00,2.58,0.09,0.02,4.10
2016-11-11,22.14,21.93,22.19,21.55,116922,258379668.00,2.89,-0.99,-0.22,3.66
2016-11-14,21.93,22.53,22.71,21.93,139873,317526448.00,3.56,2.74,0.60,4.38
2016-11-15,22.58,22.62,22.72,22.12,102281,231686713.00,2.66,0.40,0.09,3.20
2016-11-16,22.77,22.91,23.61,22.77,205383,482700064.00,3.71,1.28,0.29,6.43
2016-11-17,22.53,22.13,22.72,21.96,132737,298253440.00,3.32,-3.40,-0.78,4.15
2016-11-18,22.22,21.79,22.34,21.72,87294,194625502.00,2.80,-1.54,-0.34,2.73
2016-11-21,21.71,21.98,22.07,21.52,83756,184498501.00,2.52,0.87,0.19,2.62
2016-11-22,21.91,22.74,23.61,21.76,162827,372604528.00,8.42,3.46,0.76,5.10
2016-11-23,23.04,22.10,23.44,22.07,158985,364377328.00,6.02,-2.81,-0.64,4.98
2016-11-24,21.72,21.93,22.37,21.72,84667,188190927.00,2.94,-0.77,-0.17,2.65
2016-11-25,21.93,22.32,22.39,21.32,118311,263000548.00,4.88,1.78,0.39,3.70
2016-11-28,22.61,22.14,22.91,21.97,91162,206532565.00,4.21,-0.81,-0.18,2.85
2016-11-29,21.82,21.63,22.13,21.62,86795,191919390.00,2.30,-2.30,-0.51,2.72
2016-11-30,21.42,21.83,22.17,21.40,64488,142280034.00,3.56,0.92,0.20,2.02
2016-12-01,21.83,21.59,22.02,21.53,58042,127484580.00,2.24,-1.10,-0.24,1.82
2016-12-02,21.72,20.60,21.72,20.42,97881,208651200.00,6.02,-4.59,-0.99,3.06
2016-12-05,20.32,20.63,21.02,20.22,44425,93047282.00,3.88,0.15,0.03,1.39
2016-12-06,20.52,20.16,20.72,19.88,120803,247173242.00,4.07,-2.28,-0.47,3.78
2016-12-07,19.87,19.05,19.91,18.69,187444,365103408.00,6.05,-5.51,-1.11,5.87
2016-12-08,18.94,18.97,19.17,18.89,71714,138225502.00,1.47,-0.42,-0.08,2.24
2016-12-09,19.06,18.94,19.16,18.84,71421,137808729.00,1.69,-0.16,-0.03,2.24
2016-12-12,18.72,18.17,18.94,18.12,104961,198190571.00,4.33,-4.07,-0.77,3.29
2016-12-13,18.02,18.37,18.41,17.80,66875,123928686.00,3.36,1.10,0.20,2.09
2016-12-14,18.83,18.87,20.20,18.83,163590,319600960.00,7.46,2.72,0.50,5.12
2016-12-15,18.22,18.93,19.10,18.22,89795,170826398.00,4.66,0.32,0.06,2.81
2016-12-16,18.94,18.95,19.64,18.80,90752,176130386.00,4.44,0.11,0.02,2.84
2016-12-19,19.01,18.51,19.01,18.34,58841,111430761.00,3.54,-2.32,-0.44,1.84
2016-12-20,18.57,18.90,19.02,18.32,61471,116695644.00,3.78,2.11,0.39,1.92
2016-12-21,18.84,18.92,19.07,18.73,51905,99359467.00,1.80,0.11,0.02,1.62
2016-12-22,19.17,19.11,19.35,18.81,60232,116079377.00,2.85,1.00,0.19,1.89
2016-12-23,18.92,18.47,19.12,18.41,52859,100270650.00,3.72,-3.35,-0.64,1.65
2016-12-26,18.33,18.61,18.61,18.03,49877,92986744.00,3.14,0.76,0.14,1.56
2016-12-27,18.48,18.46,18.62,18.40,29097,54571718.00,1.18,-0.81,-0.15,0.91
2016-12-28,18.32,18.11,18.55,18.05,33527,62329276.00,2.71,-1.90,-0.35,1.05
2016-12-29,18.11,17.94,18.26,17.92,32191,59129879.00,1.88,-0.94,-0.17,1.01
2016-12-30,17.92,17.85,18.02,17.83,28801,52360859.00,1.06,-0.50,-0.09,0.90
2017-01-03,17.88,18.03,18.11,17.88,27699,50642108.00,1.29,1.01,0.18,0.87
2017-01-04,18.12,18.72,19.10,17.95,96110,181195564.00,6.38,3.83,0.69,3.01
2017-01-05,18.52,18.34,18.69,18.34,54313,101684804.00,1.87,-2.03,-0.38,1.70
2017-01-06,18.34,18.03,18.37,17.93,42022,77250718.00,2.40,-1.69,-0.31,1.32
2017-01-09,17.98,18.09,18.29,17.89,29759,54701180.00,2.22,0.33,0.06,0.93
2017-01-10,18.06,17.96,18.16,17.87,28832,52661948.00,1.60,-0.72,-0.13,0.90
2017-01-11,17.95,17.33,17.97,17.33,50090,89714917.00,3.56,-3.51,-0.63,1.57
2017-01-12,17.32,16.74,17.56,16.72,46581,80814383.00,4.85,-3.40,-0.59,1.46
2017-01-13,16.82,15.88,16.92,15.82,49546,82139545.00,6.57,-5.14,-0.86,1.55
2017-01-16,15.92,14.44,15.92,14.26,66640,101804429.00,10.45,-9.07,-1.44,2.09
2017-01-17,14.52,14.82,14.96,13.75,67387,99325242.00,8.38,2.63,0.38,2.11
2017-01-18,14.71,15.12,16.22,14.49,72010,110891123.00,11.67,2.02,0.30,2.25
2017-01-19,15.02,14.82,15.12,14.69,35129,53318941.00,2.84,-1.98,-0.30,1.10
2017-01-20,14.82,15.23,15.55,14.82,59449,92322029.00,4.93,2.77,0.41,1.86
2017-01-23,15.31,15.27,15.41,15.11,33690,52477675.00,1.97,0.26,0.04,1.05
2017-01-24,15.28,14.91,15.36,14.81,33212,50807530.00,3.60,-2.36,-0.36,1.04
2017-01-25,14.77,15.01,15.14,14.77,21793,33338739.00,2.48,0.67,0.10,0.68
2017-01-26,15.10,15.27,15.50,15.10,27938,43433874.00,2.66,1.73,0.26,0.87
2017-02-03,15.34,15.22,15.36,15.10,17040,26411853.00,1.70,-0.33,-0.05,0.53
2017-02-06,15.22,15.39,15.50,15.08,28435,44347781.00,2.76,1.12,0.17,0.89
2017-02-07,15.33,15.34,15.54,15.20,34203,53522442.00,2.21,-0.32,-0.05,1.07
2017-02-08,15.39,15.42,15.45,14.83,44019,68136754.00,4.04,0.52,0.08,1.38
2017-02-09,15.47,15.74,15.96,15.32,77450,124141753.00,4.15,2.08,0.32,2.42
2017-02-10,15.70,16.12,16.65,15.57,110583,180698205.00,6.86,2.41,0.38,3.46
2017-02-13,16.10,15.97,16.14,15.70,69642,112659880.00,2.73,-0.93,-0.15,2.18
2017-02-14,16.05,15.93,16.12,15.82,31931,51692850.00,1.88,-0.25,-0.04,1.00
2017-02-15,16.01,15.58,16.01,15.53,42834,68684569.00,3.01,-2.20,-0.35,1.34
2017-02-16,15.61,15.57,15.71,15.49,28967,45976014.00,1.41,-0.06,-0.01,0.91
2017-02-17,15.52,15.15,15.63,15.02,46787,72766822.00,3.92,-2.70,-0.42,1.46
2017-02-20,15.21,15.24,15.24,15.02,30818,47498249.00,1.45,0.59,0.09,0.96
2017-02-21,15.30,15.55,15.67,15.25,46914,74175239.00,2.76,2.03,0.31,1.47
2017-02-22,15.57,15.80,16.02,15.43,70941,113702268.00,3.79,1.61,0.25,2.22
2017-02-23,15.72,15.87,16.06,15.52,67665,108601007.00,3.42,0.44,0.07,2.12
2017-02-24,15.95,15.88,15.96,15.79,41463,66922441.00,1.07,0.06,0.01,1.30
2017-02-27,15.95,15.81,16.09,15.70,44188,71431409.00,2.46,-0.44,-0.07,1.38
2017-02-28,15.72,15.68,15.83,15.60,38944,62124123.00,1.45,-0.82,-0.13,1.22
2017-03-01,15.87,16.12,16.87,15.72,121178,199813502.00,7.33,2.81,0.44,3.79
2017-03-02,15.90,15.90,16.28,15.86,77196,125817746.00,2.61,-1.36,-0.22,2.42
2017-03-03,15.92,16.53,16.72,15.77,153458,256420798.00,5.97,3.96,0.63,4.80
2017-03-06,16.62,17.59,18.18,16.61,221560,394086656.00,9.50,6.41,1.06,6.93
2017-03-07,17.37,17.15,17.50,17.06,130988,228974684.00,2.50,-2.50,-0.44,4.10
2017-03-08,17.07,16.76,17.32,16.69,95101,163911802.00,3.67,-2.27,-0.39,2.98
2017-03-09,16.77,16.93,17.06,16.43,90091,153643873.00,3.76,1.01,0.17,2.82
2017-03-10,16.77,17.11,17.37,16.65,98195,170164478.00,4.25,1.06,0.18,3.07
2017-03-13,16.93,17.04,17.51,16.73,91892,160009171.00,4.56,-0.41,-0.07,2.88
2017-03-14,17.09,16.78,17.21,16.78,65019,111829898.00,2.52,-1.53,-0.26,2.03
2017-03-15,16.72,16.61,16.86,16.49,49908,84532147.00,2.21,-1.01,-0.17,1.56
2017-03-16,16.62,16.76,16.85,16.62,44676,75982659.00,1.38,0.90,0.15,1.40
2017-03-17,16.76,16.36,17.01,16.32,70004,118709511.00,4.12,-2.39,-0.40,2.19
2017-03-20,16.25,16.42,16.52,16.16,38180,63513842.00,2.20,0.37,0.06,1.19
2017-03-21,16.42,16.27,16.52,16.24,34786,57689173.00,1.71,-0.91,-0.15,1.09
2017-03-22,16.22,15.83,16.22,15.78,56733,91912179.00,2.70,-2.70,-0.44,1.78
2017-03-23,15.82,15.90,16.12,15.71,47559,76919093.00,2.59,0.44,0.07,1.49
2017-03-24,15.85,15.93,15.98,15.73,33916,54659815.00,1.57,0.19,0.03,1.06
2017-03-27,15.88,16.12,16.17,15.88,40066,65469441.00,1.82,1.19,0.19,1.25
2017-03-28,16.17,16.21,16.37,16.02,43659,72105663.00,2.17,0.56,0.09,1.37
2017-03-29,16.21,15.67,16.31,15.67,55196,89117859.00,3.95,-3.33,-0.54,1.73
2017-03-30,15.48,14.84,15.67,14.75,56552,87039861.00,5.87,-5.30,-0.83,1.77
2017-03-31,14.84,14.92,15.10,14.84,28098,42739468.00,1.75,0.54,0.08,0.88
2017-04-05,15.00,15.35,15.39,14.99,36603,56893758.00,2.68,2.88,0.43,1.15
2017-04-06,15.39,15.26,15.62,15.24,29377,45981848.00,2.48,-0.59,-0.09,0.92
2017-04-07,15.26,15.33,15.71,15.02,42514,66532189.00,4.52,0.46,0.07,1.33
2017-04-10,15.21,14.86,15.21,14.77,43037,65578600.00,2.87,-3.07,-0.47,1.35
2017-04-11,14.72,15.01,15.07,14.72,28120,42737417.00,2.36,1.01,0.15,0.88
2017-04-12,14.99,14.85,15.02,14.80,21277,32272969.00,1.47,-1.07,-0.16,0.67
2017-04-13,14.85,14.87,14.98,14.84,18196,27618779.00,0.94,0.13,0.02,0.57
2017-04-14,14.84,14.43,14.85,14.42,35025,51958955.00,2.89,-2.96,-0.44,1.10
2017-04-17,14.43,14.39,14.71,14.22,29597,43789488.00,3.40,-0.28,-0.04,0.93
2017-04-18,14.40,14.09,14.56,13.98,21917,31926072.00,4.03,-2.08,-0.30,0.69
2017-04-19,13.92,14.02,14.12,13.77,23358,33134253.00,2.48,-0.50,-0.07,0.73
2017-04-20,14.11,13.82,14.17,13.75,17509,24869351.00,3.00,-1.43,-0.20,0.55
2017-04-21,13.92,13.82,14.01,13.78,15200,21532459.00,1.66,0.00,0.00,0.48
2017-04-24,13.82,14.05,14.21,13.25,49662,70454286.00,6.95,1.66,0.23,1.55
2017-04-25,14.02,14.11,14.34,14.02,31490,45560898.00,2.28,0.43,0.06,0.99
2017-04-26,13.93,14.46,14.62,13.93,40283,58919138.00,4.89,2.48,0.35,1.26
2017-04-27,14.45,14.52,14.66,14.13,37568,55062862.00,3.67,0.41,0.06,1.18
2017-04-28,14.42,14.92,15.02,14.33,51395,76673616.00,4.75,2.75,0.40,1.61
2017-05-02,14.92,14.65,15.37,14.55,74323,112285108.00,5.50,-1.81,-0.27,2.33
2017-05-03,14.66,14.26,14.66,14.26,37850,55483524.00,2.73,-2.66,-0.39,1.18
2017-05-04,14.21,14.00,14.21,13.89,29688,42484563.00,2.24,-1.82,-0.26,0.93
2017-05-05,13.93,13.88,14.11,13.88,16929,24136732.00,1.64,-0.86,-0.12,0.53
2017-05-08,13.87,13.79,14.15,13.72,18565,26411153.00,3.10,-0.65,-0.09,0.58
2017-05-09,13.81,13.99,14.05,13.75,17789,25228723.00,2.18,1.45,0.20,0.56
2017-05-10,13.97,13.42,14.07,13.42,28000,39380540.00,4.65,-4.07,-0.57,0.88
2017-05-11,13.22,12.56,13.51,12.05,65118,83353193.00,10.88,-6.41,-0.86,2.04
2017-05-12,12.45,12.19,12.56,12.04,30187,37787670.00,4.14,-2.95,-0.37,0.94
2017-05-15,12.20,12.18,12.38,12.16,16165,20244532.00,1.80,-0.08,-0.01,0.51
2017-05-16,12.20,12.63,12.72,11.73,38075,47860647.00,8.13,3.69,0.45,1.19
2017-05-17,12.63,12.56,12.80,12.45,29657,38388540.00,2.77,-0.55,-0.07,0.93
2017-05-18,12.37,12.21,12.55,12.21,22553,28581751.00,2.71,-2.79,-0.35,0.71
2017-05-19,12.22,12.57,13.32,12.22,51423,67050682.00,9.01,2.95,0.36,1.61
2017-05-22,12.42,12.08,12.65,12.08,28025,35526400.00,4.53,-3.90,-0.49,0.88
2017-05-23,12.07,11.80,12.48,11.77,29536,36435899.00,5.88,-2.32,-0.28,0.92
2017-05-24,11.80,11.90,11.92,11.22,25031,30048867.00,5.93,0.85,0.10,0.78
2017-05-25,11.90,11.98,12.07,11.63,22280,27115028.00,3.70,0.67,0.08,0.70
2017-05-26,11.99,11.88,12.17,11.82,26441,32107754.00,2.92,-0.83,-0.10,0.83
2017-05-31,12.07,11.88,12.08,11.85,19792,24042881.00,1.94,0.00,0.00,0.62
2017-06-01,11.83,10.83,11.87,10.67,33876,39171961.00,10.10,-8.84,-1.05,1.06
2017-06-02,10.87,11.01,11.32,10.67,28255,31470380.00,6.00,1.66,0.18,0.88
2017-06-05,11.00,11.17,11.30,11.00,22385,25321226.00,2.72,1.45,0.16,0.70
2017-06-06,11.09,11.30,11.41,11.07,24153,27551616.00,3.04,1.16,0.13,0.76
2017-06-07,11.22,11.65,11.67,11.20,34566,40397188.00,4.16,3.10,0.35,1.08
2017-06-08,11.62,11.59,11.71,11.45,32902,38587406.00,2.23,-0.52,-0.06,1.03
2017-06-09,11.55,11.79,11.86,11.42,38878,45968449.00,3.80,1.73,0.20,1.22
2017-06-12,11.62,11.14,11.67,11.13,34432,39985674.00,4.58,-5.51,-0.65,1.08
2017-06-13,11.24,12.27,12.27,11.24,44590,54572547.00,9.25,10.14,1.13,1.40
2017-06-14,13.52,13.52,13.52,13.52,18246,24996773.00,0.00,10.19,1.25,0.57
2017-06-15,14.30,14.89,14.89,14.19,307662,452674624.00,5.18,10.13,1.37,9.63
2017-06-16,14.82,15.28,15.59,14.45,413835,623911136.00,7.66,2.62,0.39,12.95
2017-06-19,14.82,14.80,14.91,14.42,254994,378854960.00,3.21,-3.14,-0.48,7.98
2017-06-20,14.72,14.85,15.51,14.64,339700,517682000.00,5.88,0.34,0.05,10.63
2017-06-21,14.62,15.37,15.37,14.27,314929,469359616.00,7.41,3.50,0.52,9.86
2017-06-22,14.90,14.36,15.18,14.36,241235,360529456.00,5.34,-6.57,-1.01,7.55
2017-06-23,14.19,14.49,14.70,13.78,181383,262073364.00,6.41,0.91,0.13,5.68
2017-06-26,14.39,14.80,15.00,13.95,192906,283071376.00,7.25,2.14,0.31,6.04
2017-06-27,14.67,14.15,14.71,14.15,149945,218967516.00,3.78,-4.39,-0.65,4.69
2017-06-28,14.20,14.64,15.26,13.97,245617,365763504.00,9.12,3.46,0.49,7.69
2017-06-29,14.39,14.39,14.59,14.23,138154,200877237.00,2.46,-1.71,-0.25,4.32
2017-06-30,14.28,14.66,14.97,13.92,217277,319829520.00,7.30,1.88,0.27,6.80
2017-07-03,14.37,16.14,16.14,14.33,313087,480058064.00,12.35,10.10,1.48,9.80
2017-07-04,15.82,15.64,16.44,15.63,345512,558246496.00,5.02,-3.10,-0.50,10.81
2017-07-05,15.72,15.85,16.12,15.35,248513,395889776.00,4.92,1.34,0.21,7.78
2017-07-06,15.85,15.97,17.06,15.68,345495,569712560.00,8.71,0.76,0.12,10.81
2017-07-07,15.82,16.15,16.55,15.56,239518,387002480.00,6.20,1.13,0.18,7.50
2017-07-10,15.88,15.46,16.06,15.38,163963,260021776.00,4.21,-4.27,-0.69,5.13
2017-07-11,15.42,15.41,15.72,15.24,99978,156645987.00,3.10,-0.32,-0.05,3.13
2017-07-12,15.49,16.22,16.22,15.24,248768,399160592.00,6.36,5.26,0.81,7.78
2017-07-13,16.17,15.62,16.25,15.42,199509,318952208.00,5.12,-3.70,-0.60,6.24
2017-07-14,15.47,15.54,15.89,15.24,127162,200503625.00,4.16,-0.51,-0.08,3.98
2017-07-17,15.41,13.97,15.41,13.97,182441,263190197.00,9.27,-10.10,-1.57,5.71
2017-07-18,13.52,13.43,13.67,12.64,149974,201034385.00,7.37,-3.87,-0.54,4.69
2017-07-19,13.29,13.24,13.43,12.72,130144,172704058.00,5.29,-1.41,-0.19,4.07
2017-07-20,13.34,13.51,13.90,13.27,137875,190772701.00,4.76,2.04,0.27,4.31
2017-07-21,13.27,13.18,13.61,12.99,89167,119755698.00,4.59,-2.44,-0.33,2.79
2017-07-24,13.11,13.00,13.28,12.85,75112,98822480.00,3.26,-1.37,-0.18,2.35
2017-07-25,12.88,13.06,13.21,12.88,55818,73664491.00,2.54,0.46,0.06,1.75
2017-07-26,13.20,13.31,13.62,12.78,103809,139241928.00,6.43,1.91,0.25,3.25
2017-07-27,13.18,13.82,13.92,13.09,141062,194188078.00,6.24,3.83,0.51,4.41
2017-07-28,13.68,13.66,13.96,13.57,81265,112909817.00,2.82,-1.16,-0.16,2.54
2017-07-31,13.63,13.46,13.68,13.35,74889,101993578.00,2.42,-1.46,-0.20,2.34
2017-08-01,13.53,13.85,14.03,13.42,119947,167243380.00,4.53,2.90,0.39,3.75
2017-08-02,13.76,13.14,14.00,13.10,111876,152782193.00,6.50,-5.13,-0.71,3.50
2017-08-03,13.02,13.05,13.29,12.74,74946,99001486.00,4.19,-0.68,-0.09,2.35
2017-08-04,13.05,13.10,13.22,12.89,56113,74284992.00,2.53,0.38,0.05,1.76
2017-08-07,13.22,13.79,14.32,13.22,133906,187095961.00,8.40,5.27,0.69,4.19
2017-08-08,13.56,13.68,13.76,13.43,81753,112654028.00,2.39,-0.80,-0.11,2.56
2017-08-09,13.77,13.89,13.92,13.62,83473,116870105.00,2.19,1.54,0.21,2.61
2017-08-10,14.17,13.36,14.29,13.29,107999,150432902.00,7.20,-3.82,-0.53,3.38
2017-08-11,12.98,13.17,13.56,12.92,61096,81751139.00,4.79,-1.42,-0.19,1.91
2017-08-14,12.87,13.35,13.35,12.83,75329,100345421.00,3.95,1.37,0.18,2.36
2017-08-15,13.32,13.18,13.35,13.06,45729,61133685.00,2.17,-1.27,-0.17,1.43
2017-08-16,13.21,13.29,13.42,13.08,53563,72004958.00,2.58,0.83,0.11,1.68
2017-08-17,13.29,13.43,13.43,13.12,59043,79673906.00,2.33,1.05,0.14,1.85
2017-08-18,13.34,13.24,13.34,13.12,43125,57837110.00,1.64,-1.41,-0.19,1.35
2017-08-21,13.32,13.40,13.40,13.18,44340,59777377.00,1.66,1.21,0.16,1.39
2017-08-22,13.42,13.22,13.48,13.12,45408,60957957.00,2.69,-1.34,-0.18,1.42
2017-08-23,13.31,13.27,13.36,13.18,34750,46726869.00,1.36,0.38,0.05,1.09
2017-08-24,13.47,14.62,14.62,13.43,117174,169564732.00,8.97,10.17,1.35,3.67
2017-08-25,15.02,14.30,15.10,14.21,215100,315209456.00,6.09,-2.19,-0.32,6.73
2017-08-28,14.18,14.45,14.48,13.97,133848,193577575.00,3.57,1.05,0.15,4.19
2017-08-29,14.30,14.19,14.43,14.13,86172,124121146.00,2.08,-1.80,-0.26,2.70
2017-08-30,14.20,14.26,14.29,14.05,64536,92644177.00,1.69,0.49,0.07,2.02
2017-08-31,14.32,14.22,14.36,14.08,53391,76711850.00,1.96,-0.28,-0.04,1.67
2017-09-01,14.10,14.22,14.31,14.07,61950,89094460.00,1.69,0.00,0.00,1.94
2017-09-04,14.22,14.69,14.94,14.08,148347,218462760.00,6.05,3.31,0.47,4.64
2017-09-05,14.57,14.74,14.91,14.34,121972,181110837.00,3.88,0.34,0.05,3.82
2017-09-06,14.61,15.11,16.23,14.43,208258,323238160.00,12.21,2.51,0.37,6.52
2017-09-07,15.42,15.43,16.32,15.18,227180,360985200.00,7.54,2.12,0.32,7.11
2017-09-08,15.22,15.31,15.88,15.03,170087,266279193.00,5.51,-0.78,-0.12,5.32
2017-09-11,15.84,16.86,16.86,15.64,186009,308616272.00,7.97,10.12,1.55,5.82
2017-09-12,18.20,17.72,18.56,17.42,465134,850092704.00,6.76,5.10,0.86,14.56
2017-09-13,18.53,18.29,19.27,18.00,545600,1021291552.00,7.17,3.22,0.57,17.07
2017-09-14,17.72,17.77,18.41,17.50,355461,639221248.00,4.98,-2.84,-0.52,11.12
2017-09-15,17.51,16.61,17.52,16.40,305172,521645456.00,6.30,-6.53,-1.16,9.55
2017-09-18,16.56,16.71,16.90,16.47,195688,330001312.00,2.59,0.60,0.10,6.12
2017-09-19,16.62,16.33,16.92,16.27,211553,354635184.00,3.89,-2.27,-0.38,6.62
2017-09-20,16.16,16.57,16.67,16.03,163661,271125040.00,3.92,1.47,0.24,5.12
2017-09-21,16.68,15.97,17.10,15.97,194632,326136464.00,6.82,-3.62,-0.60,6.09
2017-09-22,15.92,16.10,16.32,15.75,104839,170428477.00,3.57,0.81,0.13,3.28
2017-09-25,15.97,15.24,16.21,15.12,119870,189813373.00,6.77,-5.34,-0.86,3.75
2017-09-26,15.37,15.54,15.69,15.22,77475,120928196.00,3.08,1.97,0.30,2.42
2017-09-27,15.49,15.79,15.98,15.37,109948,175368165.00,3.93,1.61,0.25,3.44
2017-09-28,15.67,15.28,15.78,15.22,105953,166373391.00,3.55,-3.23,-0.51,3.32
2017-09-29,15.30,15.54,15.80,15.29,102486,161105921.00,3.34,1.70,0.26,3.21
2017-10-09,15.72,16.04,16.05,15.37,164746,262874686.00,4.38,3.22,0.50,5.16
2017-10-10,15.87,15.98,16.03,15.72,109921,176144024.00,1.93,-0.37,-0.06,3.44
2017-10-11,15.92,15.37,15.98,15.34,106334,167587774.00,4.01,-3.82,-0.61,3.33
2017-10-12,15.37,14.93,15.55,14.79,93744,143189566.00,4.94,-2.86,-0.44,2.93
2017-10-13,15.01,15.21,15.42,15.00,61420,94494500.00,2.81,1.88,0.28,1.92
2017-10-16,15.12,14.65,15.12,14.65,73976,111075004.00,3.09,-3.68,-0.56,2.31
2017-10-17,14.65,14.80,14.89,14.62,41040,61267917.00,1.84,1.02,0.15,1.28
2017-10-18,14.82,14.15,14.96,14.08,65550,96777608.00,5.95,-4.39,-0.65,2.05
2017-10-19,14.22,14.32,14.41,13.64,78887,112937498.00,5.44,1.20,0.17,2.47
2017-10-20,14.20,14.51,14.61,14.11,53110,77539813.00,3.49,1.33,0.19,1.66
2017-10-23,14.50,14.52,14.64,14.34,38882,57098108.00,2.07,0.07,0.01,1.22
2017-10-24,14.47,14.45,14.57,14.10,50223,72863777.00,3.24,-0.48,-0.07,1.57
2017-10-25,14.58,14.61,14.80,14.46,64248,95064237.00,2.35,1.11,0.16,2.01
2017-10-26,14.53,15.01,15.14,14.42,115337,173615395.00,4.93,2.74,0.40,3.61
2017-10-27,14.86,14.55,14.97,14.54,69032,103508070.00,2.86,-3.06,-0.46,2.16
2017-10-30,14.53,13.67,14.62,13.62,75863,107599629.00,6.87,-6.05,-0.88,2.37
2017-10-31,13.79,13.88,13.92,13.70,30142,42232977.00,1.61,1.54,0.21,0.94
2017-11-01,14.10,14.72,15.29,14.10,174537,264755054.00,8.57,6.05,0.84,5.46
2017-11-02,14.46,14.28,14.61,14.28,90078,131788713.00,2.24,-2.99,-0.44,2.82
2017-11-03,14.47,14.20,14.56,13.94,67379,97434252.00,4.34,-0.56,-0.08,2.11
2017-11-06,14.32,14.51,14.53,14.03,56910,82568210.00,3.52,2.18,0.31,1.78
2017-11-07,14.38,14.75,14.89,14.22,75759,111866348.00,4.62,1.65,0.24,2.37
2017-11-08,14.80,14.95,15.30,14.67,122205,186638086.00,4.27,1.36,0.20,3.82
2017-11-09,15.07,15.02,15.07,14.83,61235,92588188.00,1.61,0.47,0.07,1.92
2017-11-10,14.94,14.90,15.12,14.83,55482,83818911.00,1.93,-0.80,-0.12,1.74
2017-11-13,14.84,14.70,15.03,14.64,54116,81195759.00,2.62,-1.34,-0.20,1.69
2017-11-14,14.70,15.24,15.26,14.59,115797,176215602.00,4.56,3.67,0.54,3.62
2017-11-15,14.97,14.58,15.17,14.52,91874,137558499.00,4.27,-4.33,-0.66,2.87
2017-11-16,14.58,14.01,14.65,13.97,78281,112682941.00,4.66,-3.91,-0.57,2.45
2017-11-17,13.95,12.97,14.15,12.63,76072,103825767.00,10.85,-7.42,-1.04,2.38
2017-11-20,12.83,13.25,13.32,12.63,43373,57264584.00,5.32,2.16,0.28,1.36
2017-11-21,13.22,13.29,13.62,13.12,32915,44505637.00,3.77,0.30,0.04,1.03
2017-11-22,13.41,13.29,13.60,13.12,31260,42109400.00,3.61,0.00,0.00,0.98
2017-11-23,13.25,12.81,13.25,12.73,39040,51472894.00,3.91,-3.61,-0.48,1.22
2017-11-24,12.73,12.89,13.08,12.72,24730,32361707.00,2.81,0.62,0.08,0.77
2017-11-27,12.96,12.53,12.96,12.53,29362,37865435.00,3.34,-2.79,-0.36,0.92
2017-11-28,12.58,12.76,12.84,12.53,23615,30438291.00,2.47,1.84,0.23,0.74
2017-11-29,12.75,12.80,12.81,12.48,30265,38894876.00,2.59,0.31,0.04,0.95
2017-11-30,12.68,12.69,12.94,12.62,24991,32366878.00,2.50,-0.86,-0.11,0.78
2017-12-01,12.77,12.90,12.90,12.59,28864,37497677.00,2.44,1.65,0.21,0.90
2017-12-04,12.82,12.86,12.99,12.77,24188,31570376.00,1.71,-0.31,-0.04,0.76
2017-12-05,12.92,12.04,12.97,11.69,46911,59196717.00,9.95,-6.38,-0.82,1.47
2017-12-06,11.89,12.20,12.21,11.82,31536,38456754.00,3.24,1.33,0.16,0.99
2017-12-07,12.10,12.00,12.26,12.00,22377,27511177.00,2.13,-1.64,-0.20,0.70
2017-12-08,12.00,12.17,12.25,11.97,20827,25696793.00,2.33,1.42,0.17,0.65
2017-12-11,12.25,12.65,13.41,12.20,52759,68580320.00,9.94,3.94,0.48,1.65
2017-12-12,12.56,12.66,12.86,12.53,35619,45758047.00,2.61,0.08,0.01,1.11
2017-12-13,12.60,12.56,12.72,12.40,24665,31421898.00,2.53,-0.79,-0.10,0.77
2017-12-14,12.59,12.39,12.63,12.33,20459,25842518.00,2.39,-1.35,-0.17,0.64
2017-12-15,12.35,12.44,12.53,12.33,17651,22248350.00,1.61,0.40,0.05,0.55
2017-12-18,12.48,12.54,12.79,12.39,25837,32973564.00,3.22,0.80,0.10,0.81
2017-12-19,12.62,12.95,13.22,12.62,73941,97757706.00,4.78,3.27,0.41,2.31
2017-12-20,12.82,12.75,12.94,12.58,29941,38742330.00,2.78,-1.54,-0.20,0.94
2017-12-21,12.65,12.81,12.90,12.58,24559,31824261.00,2.51,0.47,0.06,0.77
2017-12-22,12.84,12.78,13.12,12.71,33506,43879173.00,3.20,-0.23,-0.03,1.05
2017-12-25,12.71,12.20,12.73,12.17,39796,49725891.00,4.38,-4.54,-0.58,1.25
2017-12-26,12.16,12.35,12.49,12.05,21861,27267280.00,3.61,1.23,0.15,0.68
2017-12-27,12.82,12.75,13.18,12.64,65973,86089567.00,4.37,3.24,0.40,2.06
2017-12-28,12.67,12.86,13.20,12.52,67180,87886563.00,5.33,0.86,0.11,2.10
2017-12-29,12.68,12.54,12.77,12.36,49070,62424574.00,3.19,-2.49,-0.32,1.54
2018-01-02,12.46,12.66,12.71,12.42,30246,38578857.00,2.31,0.96,0.12,0.95
2018-01-03,12.77,12.83,12.90,12.64,42574,55225737.00,2.05,1.34,0.17,1.33
2018-01-04,12.77,12.73,12.87,12.67,27591,35606715.00,1.56,-0.78,-0.10,0.86
2018-01-05,12.73,12.78,12.86,12.65,29158,37680141.00,1.65,0.39,0.05,0.91
2018-01-08,12.78,12.75,12.90,12.63,27906,35981731.00,2.11,-0.23,-0.03,0.87
2018-01-09,12.84,12.60,12.89,12.59,31631,40640183.00,2.35,-1.18,-0.15,0.99
2018-01-10,12.62,12.27,12.62,12.15,37612,47025360.00,3.73,-2.62,-0.33,1.18
2018-01-11,12.17,12.45,12.49,12.13,26541,33215910.00,2.93,1.47,0.18,0.83
2018-01-12,12.39,12.34,12.47,12.15,22122,27566310.00,2.57,-0.88,-0.11,0.69
2018-01-15,12.27,11.75,12.28,11.72,35403,42925015.00,4.54,-4.78,-0.59,1.11
2018-01-16,11.65,11.86,11.89,11.65,20932,25047453.00,2.04,0.94,0.11,0.66
2018-01-17,11.89,11.74,11.89,11.42,32653,38472965.00,3.96,-1.01,-0.12,1.02
2018-01-18,11.80,11.80,11.89,11.70,18325,21940261.00,1.62,0.51,0.06,0.57
2018-01-19,11.74,11.63,11.75,11.52,27301,32205599.00,1.95,-1.44,-0.17,0.85
2018-01-22,11.54,11.64,11.79,11.19,35723,41771664.00,5.16,0.09,0.01,1.12
2018-01-23,11.58,11.60,11.70,11.53,16211,19098740.00,1.46,-0.34,-0.04,0.51
2018-01-24,11.60,11.76,11.80,11.37,33135,39258734.00,3.71,1.38,0.16,1.04
2018-01-25,11.72,11.69,12.09,11.68,37964,45822609.00,3.49,-0.60,-0.07,1.19
2018-01-26,11.72,11.82,11.87,11.57,26215,31255075.00,2.57,1.11,0.13,0.82
2018-01-29,11.76,11.39,11.79,11.32,29412,34436142.00,3.98,-3.64,-0.43,0.92
2018-01-30,11.39,11.43,11.50,11.33,17898,20719929.00,1.49,0.35,0.04,0.56
2018-01-31,11.37,10.86,11.45,10.82,34277,38349436.00,5.51,-4.99,-0.57,1.07
2018-02-01,10.86,9.81,10.95,9.78,44683,46558791.00,10.77,-9.67,-1.05,1.40
2018-02-02,9.71,9.60,9.80,9.35,29345,28684120.00,4.59,-2.14,-0.21,0.92
2018-02-05,9.17,9.49,9.57,9.03,15621,15027659.00,5.63,-1.15,-0.11,0.49
2018-02-06,9.42,8.52,9.45,8.52,37434,34103851.00,9.80,-10.22,-0.97,1.17
2018-02-07,8.72,8.64,8.87,8.28,30432,26781977.00,6.92,1.41,0.12,0.95
2018-02-08,8.62,8.86,8.94,8.34,23981,21520014.00,6.94,2.55,0.22,0.75
2018-02-09,8.65,8.52,8.80,8.37,21834,19217549.00,4.85,-3.84,-0.34,0.68
2018-02-12,8.62,9.11,9.39,8.62,48599,44914642.00,9.04,6.92,0.59,1.52
2018-02-13,9.05,8.90,9.17,8.90,33046,30365731.00,2.96,-2.31,-0.21,1.03
2018-02-14,9.07,9.13,9.67,8.95,40303,38088769.00,8.09,2.58,0.23,1.26
2018-02-22,9.15,9.29,9.39,9.07,30273,28515152.00,3.50,1.75,0.16,0.95
2018-02-23,9.23,9.31,9.31,9.09,20229,18995455.00,2.37,0.22,0.02,0.63
2018-02-26,9.31,9.46,9.51,9.18,41606,39773985.00,3.54,1.61,0.15,1.30
2018-02-27,9.47,9.61,9.67,9.34,45949,44555983.00,3.49,1.59,0.15,1.44
2018-02-28,9.49,9.52,9.66,9.34,29421,28604980.00,3.33,-0.94,-0.09,0.92
2018-03-01,9.52,10.49,10.49,9.47,76969,81143733.00,10.71,10.19,0.97,2.41
2018-03-02,10.70,10.31,10.82,10.22,114351,121970790.00,5.72,-1.72,-0.18,3.58
2018-03-05,10.24,10.24,10.32,10.09,46347,48140238.00,2.23,-0.68,-0.07,1.45
2018-03-06,10.22,10.33,10.78,10.22,61764,65958786.00,5.47,0.88,0.09,1.93
2018-03-07,10.25,10.12,10.37,10.07,31888,33033197.00,2.90,-2.03,-0.21,1.00
2018-03-08,10.10,10.21,10.37,10.07,24547,25491917.00,2.96,0.89,0.09,0.77
2018-03-09,10.20,10.59,10.60,10.19,60121,63782732.00,4.02,3.72,0.38,1.88
2018-03-12,10.58,10.93,11.03,10.57,66718,73496342.00,4.34,3.21,0.34,2.09
2018-03-13,10.89,10.72,10.97,10.70,41032,44958226.00,2.47,-1.92,-0.21,1.28
2018-03-14,10.77,10.67,11.14,10.64,57784,63892600.00,4.66,-0.47,-0.05,1.81
2018-03-15,10.50,10.51,10.71,10.35,42179,45165858.00,3.37,-1.50,-0.16,1.32
2018-03-16,10.58,10.42,10.70,10.42,24888,26676458.00,2.66,-0.86,-0.09,0.78
2018-03-19,10.38,10.57,10.67,10.38,20754,22239011.00,2.78,1.44,0.15,0.65
2018-03-20,10.43,10.52,10.57,10.37,19964,21232729.00,1.89,-0.47,-0.05,0.62
2018-03-21,10.52,10.36,10.67,10.34,27894,29890084.00,3.14,-1.52,-0.16,0.87
2018-03-22,10.39,10.37,10.52,10.28,20118,21241964.00,2.32,0.10,0.01,0.63
2018-03-23,10.22,9.32,10.22,9.32,52504,51538507.00,8.68,-10.13,-1.05,1.64
2018-03-26,8.99,9.56,9.66,8.70,36444,34295721.00,10.30,2.58,0.24,1.14
2018-03-27,9.81,9.81,9.94,9.70,37128,37050531.00,2.51,2.62,0.25,1.16
2018-03-28,9.63,9.69,9.89,9.62,30464,30200562.00,2.75,-1.22,-0.12,0.95
2018-03-29,9.81,9.77,9.81,9.64,20942,20755828.00,1.75,0.83,0.08,0.66
2018-03-30,9.86,9.99,10.13,9.82,35004,35579746.00,3.17,2.25,0.22,1.10
2018-04-02,10.02,10.10,10.20,9.89,43802,44830899.00,3.10,1.10,0.11,1.37
2018-04-03,9.92,9.82,9.97,9.75,32934,33004583.00,2.18,-2.77,-0.28,1.03
2018-04-04,9.82,9.85,10.16,9.78,33948,34465897.00,3.87,0.31,0.03,1.06
2018-04-09,9.82,9.75,9.86,9.63,21242,21098129.00,2.34,-1.02,-0.10,0.66
2018-04-10,9.73,9.64,9.81,9.45,27369,26856544.00,3.69,-1.13,-0.11,0.86
2018-04-11,9.65,10.06,10.51,9.65,85972,88316923.00,8.92,4.36,0.42,2.69
2018-04-12,9.97,9.74,9.98,9.70,54639,54476950.00,2.78,-3.18,-0.32,1.71
2018-04-13,9.69,9.70,9.87,9.69,18939,18803237.00,1.85,-0.41,-0.04,0.59
2018-04-16,9.55,9.54,9.74,9.50,18629,18222345.00,2.47,-1.65,-0.16,0.58
2018-04-17,9.64,9.24,9.69,9.22,22589,21634809.00,4.93,-3.14,-0.30,0.71
2018-04-18,9.24,9.38,9.40,9.02,19161,18097213.00,4.11,1.52,0.14,0.60
2018-04-19,9.38,9.41,9.51,9.25,15893,15207767.00,2.77,0.32,0.03,0.50
2018-04-20,9.41,9.09,9.41,9.09,18954,17781876.00,3.40,-3.40,-0.32,0.59
2018-04-23,9.09,9.11,9.23,8.97,11142,10347512.00,2.86,0.22,0.02,0.35
2018-04-24,9.13,9.31,9.32,9.12,12785,12050227.00,2.20,2.20,0.20,0.40
2018-04-25,9.30,9.32,9.37,9.21,14004,13253317.00,1.72,0.11,0.01,0.44
2018-04-26,9.31,9.02,9.35,9.00,16182,15115944.00,3.76,-3.22,-0.30,0.51
2018-04-27,9.02,9.08,9.17,9.01,9436,8747444.00,1.77,0.67,0.06,0.30
2018-05-02,9.12,8.94,9.19,8.87,11365,10462287.00,3.52,-1.54,-0.14,0.36
2018-05-03,8.96,9.06,9.06,8.72,17473,15868066.00,3.80,1.34,0.12,0.55
2018-05-04,8.97,9.04,9.14,8.97,11744,10863571.00,1.88,-0.22,-0.02,0.37
2018-05-07,9.02,9.25,9.33,8.99,19992,18820265.00,3.76,2.32,0.21,0.63
2018-05-08,9.29,9.39,9.42,9.23,29438,28062929.00,2.05,1.51,0.14,0.92
2018-05-09,9.39,9.68,10.17,9.29,52181,51713808.00,9.37,3.09,0.29,1.63
2018-05-10,9.53,9.81,9.82,9.53,34626,34115044.00,3.00,1.34,0.13,1.08
2018-05-11,9.80,9.86,10.11,9.70,49344,49838013.00,4.18,0.51,0.05,1.54
2018-05-14,9.72,9.79,9.85,9.68,26549,26330369.00,1.72,-0.71,-0.07,0.83
2018-05-15,9.79,9.91,10.07,9.75,34376,34648320.00,3.27,1.23,0.12,1.08
2018-05-16,9.82,9.88,9.88,9.66,29158,28980022.00,2.22,-0.30,-0.03,0.91
2018-05-17,9.87,10.06,10.14,9.75,55780,56751700.00,3.95,1.82,0.18,1.75
2018-05-18,10.06,10.03,10.08,9.85,37571,38168031.00,2.29,-0.30,-0.03,1.18
2018-05-21,10.28,10.02,10.28,9.93,36132,36940100.00,3.49,-0.10,-0.01,1.13
2018-05-22,9.97,9.98,10.06,9.88,23470,23825222.00,1.80,-0.40,-0.04,0.73
2018-05-23,9.91,9.98,10.06,9.86,26420,26797013.00,2.00,0.00,0.00,0.83
2018-05-24,9.96,9.91,10.04,9.87,18994,19215076.00,1.70,-0.70,-0.07,0.59
2018-05-25,9.97,9.56,9.97,9.56,30401,30113901.00,4.14,-3.53,-0.35,0.95
2018-05-28,9.82,9.96,10.53,9.82,131389,138065413.00,7.43,4.18,0.40,4.11
2018-05-29,9.12,8.95,9.37,8.95,107617,99840143.00,4.22,-10.14,-1.01,3.37
2018-05-30,8.61,8.40,8.80,8.29,50715,43902048.00,5.70,-6.15,-0.55,1.59
2018-05-31,8.50,8.50,8.62,8.40,25502,22201657.00,2.62,1.19,0.10,0.80
2018-06-01,8.52,8.42,8.53,8.33,19914,17137481.00,2.35,-0.94,-0.08,0.62
2018-06-04,8.42,8.46,8.53,8.40,10883,9394214.00,1.54,0.48,0.04,0.34
2018-06-05,8.52,8.62,8.62,8.47,15510,13564783.00,1.77,1.89,0.16,0.49
2018-06-06,8.65,8.65,8.66,8.57,11920,10491473.00,1.04,0.35,0.03,0.37
2018-06-07,8.63,8.50,8.72,8.50,13738,12048887.00,2.54,-1.73,-0.15,0.43
2018-06-08,8.47,8.59,8.67,8.43,15141,13236922.00,2.82,1.06,0.09,0.47
2018-06-11,8.59,8.49,8.68,8.44,12010,10356194.00,2.79,-1.16,-0.10,0.38
2018-06-12,8.49,8.52,8.58,8.32,12206,10425807.00,3.06,0.35,0.03,0.38
2018-06-13,8.49,8.61,8.61,8.32,18825,16070853.00,3.40,1.06,0.09,0.59
2018-06-14,8.91,8.70,9.05,8.67,42085,37655634.00,4.41,1.05,0.09,1.32
2018-06-15,8.43,8.43,8.58,8.33,24289,20657370.00,2.87,-3.10,-0.27,0.76
2018-06-19,8.43,7.62,8.44,7.58,28605,22770412.00,10.20,-9.61,-0.81,0.90
2018-06-20,7.59,7.74,7.85,7.57,15623,12164384.00,3.67,1.57,0.12,0.49
2018-06-21,7.69,7.05,7.83,6.96,22793,17023395.00,11.24,-8.91,-0.69,0.71
2018-06-22,7.03,7.19,7.28,7.00,15369,11134602.00,3.97,1.99,0.14,0.48
2018-06-25,7.36,7.08,7.37,7.07,13391,9784094.00,4.17,-1.53,-0.11,0.42
2018-06-26,7.07,7.29,7.30,6.87,19942,14531743.00,6.07,2.97,0.21,0.62
2018-06-27,7.35,8.03,8.03,7.22,73271,58896817.00,11.11,10.15,0.74,2.29
2018-06-28,8.03,7.72,8.10,7.65,86747,69276466.00,5.60,-3.86,-0.31,2.71
2018-06-29,7.63,8.28,8.50,7.63,115151,95564706.00,11.27,7.25,0.56,3.60
2018-07-02,8.15,8.23,8.47,7.93,89979,73956352.00,6.52,-0.60,-0.05,2.82
2018-07-03,8.18,8.16,8.24,7.99,54800,44947369.00,3.04,-0.85,-0.07,1.71
2018-07-04,8.06,7.92,8.12,7.75,40653,32544831.00,4.53,-2.94,-0.24,1.27
2018-07-05,8.01,7.82,8.27,7.74,43923,35780091.00,6.69,-1.26,-0.10,1.37
2018-07-06,7.63,7.64,7.87,7.30,44303,34071504.00,7.29,-2.30,-0.18,1.39
2018-07-09,7.62,7.74,7.81,7.62,25083,19559291.00,2.49,1.31,0.10,0.78
2018-07-10,7.73,8.12,8.12,7.73,51600,41551430.00,5.04,4.91,0.38,1.61
2018-07-11,7.94,7.90,8.06,7.73,39122,31281143.00,4.06,-2.71,-0.22,1.22
2018-07-12,7.78,8.11,8.12,7.77,42131,34213032.00,4.43,2.66,0.21,1.32
2018-07-13,8.13,8.05,8.20,8.00,28624,23299433.00,2.47,-0.74,-0.06,0.90
2018-07-16,8.04,8.01,8.11,7.96,22356,18128984.00,1.86,-0.50,-0.04,0.70
2018-07-17,8.01,8.13,8.13,7.95,22288,18085233.00,2.25,1.50,0.12,0.70
2018-07-18,8.17,7.98,8.18,7.96,23150,18829962.00,2.71,-1.85,-0.15,0.72
2018-07-19,8.02,7.71,8.05,7.63,28766,22664130.00,5.26,-3.38,-0.27,0.90
2018-07-20,7.52,7.76,7.83,7.52,14825,11587656.00,4.02,0.65,0.05,0.46
2018-07-23,7.75,7.87,7.92,7.75,16250,12886009.00,2.19,1.42,0.11,0.51
2018-07-24,7.87,7.98,8.00,7.81,21849,17500114.00,2.41,1.40,0.11,0.68
2018-07-25,7.98,7.99,8.03,7.90,18721,15073256.00,1.63,0.13,0.01,0.59
2018-07-26,8.00,7.95,8.04,7.93,17745,14293850.00,1.38,-0.50,-0.04,0.56
2018-07-27,8.04,7.96,8.05,7.91,17989,14511416.00,1.76,0.13,0.01,0.56
2018-07-30,7.98,7.69,7.98,7.66,21589,16909620.00,4.02,-3.39,-0.27,0.68
2018-07-31,7.72,7.82,8.47,7.72,46521,37781316.00,9.75,1.69,0.13,1.46
2018-08-01,7.63,7.66,7.83,7.62,29378,22883856.00,2.69,-2.05,-0.16,0.92
2018-08-02,7.64,7.27,7.67,7.16,27491,20426273.00,6.66,-5.09,-0.39,0.86
2018-08-03,7.42,7.28,7.42,7.23,8987,6650314.00,2.61,0.14,0.01,0.28
2018-08-06,7.36,7.12,7.36,7.08,10138,7356277.00,3.85,-2.20,-0.16,0.32
2018-08-07,7.12,7.29,7.31,7.12,9779,7158801.00,2.67,2.39,0.17,0.31
2018-08-08,7.27,7.24,7.35,7.18,12877,9487472.00,2.33,-0.69,-0.05,0.40
2018-08-09,7.25,7.41,7.47,7.25,16623,12427942.00,3.04,2.35,0.17,0.52
2018-08-10,7.39,7.46,7.50,7.35,11311,8485487.00,2.02,0.67,0.05,0.35
2018-08-13,7.32,7.51,7.51,7.30,11072,8294780.00,2.82,0.67,0.05,0.35
2018-08-14,7.58,7.45,7.58,7.40,10089,7599955.00,2.40,-0.80,-0.06,0.32
2018-08-15,7.42,7.29,7.47,7.27,10517,7807856.00,2.68,-2.15,-0.16,0.33
2018-08-16,7.22,7.15,7.30,7.12,8731,6359553.00,2.47,-1.92,-0.14,0.27
2018-08-17,7.27,7.02,7.34,7.02,9054,6551288.00,4.48,-1.82,-0.13,0.28
2018-08-20,7.03,7.11,7.15,7.00,8801,6301625.00,2.14,1.28,0.09,0.28
2018-08-21,7.11,7.21,7.34,7.10,9435,6901361.00,3.38,1.41,0.10,0.30
2018-08-22,7.21,7.12,7.23,7.09,5693,4109534.00,1.94,-1.25,-0.09,0.18
2018-08-23,7.13,7.23,7.27,7.04,10783,7845037.00,3.23,1.54,0.11,0.34
2018-08-24,7.22,7.17,7.23,7.14,6934,5034103.00,1.24,-0.83,-0.06,0.22
2018-08-27,7.26,7.29,7.32,7.23,8997,6614164.00,1.26,1.67,0.12,0.28
2018-08-28,7.27,7.28,7.31,7.23,6564,4824466.00,1.10,-0.14,-0.01,0.21
2018-08-29,7.29,7.18,7.30,7.16,7295,5312943.00,1.92,-1.37,-0.10,0.23
2018-08-30,7.17,7.11,7.27,7.09,8156,5906040.00,2.51,-0.97,-0.07,0.26
2018-08-31,7.06,7.03,7.15,7.03,6031,4321777.00,1.69,-1.13,-0.08,0.19
2018-09-03,7.03,7.08,7.13,6.99,6110,4362549.00,1.99,0.71,0.05,0.19
2018-09-04,7.13,7.18,7.18,7.06,7763,5602474.00,1.69,1.41,0.10,0.24
2018-09-05,7.18,7.06,7.22,7.05,8248,5956579.00,2.37,-1.67,-0.12,0.26
2018-09-06,7.02,7.06,7.16,7.02,6794,4869145.00,1.98,0.00,0.00,0.21
2018-09-07,6.93,7.07,7.15,6.93,8003,5733974.00,3.12,0.14,0.01,0.25
2018-09-10,7.13,6.98,7.17,6.96,7768,5514627.00,2.97,-1.27,-0.09,0.24
2018-09-11,6.98,7.07,7.09,6.98,6617,4708347.00,1.58,1.29,0.09,0.21
2018-09-12,7.10,7.12,7.16,7.01,8942,6427147.00,2.12,0.71,0.05,0.28
2018-09-13,7.15,7.15,7.24,7.06,8524,6153656.00,2.53,0.42,0.03,0.27
2018-09-14,7.21,7.22,7.62,7.19,28463,21165327.00,6.01,0.98,0.07,0.89
2018-09-17,7.12,6.97,7.12,6.95,15696,11150036.00,2.35,-3.46,-0.25,0.49
2018-09-18,6.97,7.68,7.68,6.97,49742,38294364.00,10.19,10.19,0.71,1.56
2018-09-19,8.13,7.82,8.30,7.69,150805,121442076.00,7.94,1.82,0.14,4.72
2018-09-20,7.60,7.60,7.90,7.56,81542,63199423.00,4.35,-2.81,-0.22,2.55
2018-09-21,7.58,8.37,8.37,7.53,127155,102870233.00,11.05,10.13,0.77,3.98
2018-09-25,8.62,8.15,8.62,8.14,177596,150061838.00,5.73,-2.63,-0.22,5.56
2018-09-26,8.15,8.19,8.21,8.07,72402,59451747.00,1.72,0.49,0.04,2.27
2018-09-27,8.08,7.81,8.11,7.80,69938,56008918.00,3.79,-4.64,-0.38,2.19
2018-09-28,7.78,7.81,7.89,7.73,36187,28504495.00,2.05,0.00,0.00,1.13
2018-10-08,7.60,7.59,7.71,7.51,30500,23448476.00,2.56,-2.82,-0.22,0.95
2018-10-09,7.59,7.62,7.73,7.55,26476,20447549.00,2.37,0.40,0.03,0.83
2018-10-10,7.63,7.78,7.88,7.62,38000,29718973.00,3.41,2.10,0.16,1.19
2018-10-11,7.53,7.01,7.55,6.99,52330,37756298.00,7.20,-9.90,-0.77,1.64
2018-10-12,6.87,6.72,7.03,6.40,43904,29822793.00,8.99,-4.14,-0.29,1.37
2018-10-15,6.72,6.69,6.98,6.68,26343,18079476.00,4.46,-0.45,-0.03,0.82
2018-10-16,6.72,6.49,6.90,6.44,18838,12623973.00,6.88,-2.99,-0.20,0.59
2018-10-17,6.63,6.56,6.69,6.30,20626,13575457.00,6.01,1.08,0.07,0.65
2018-10-18,6.53,6.28,6.53,6.24,17180,11098106.00,4.42,-4.27,-0.28,0.54
2018-10-19,6.10,6.41,6.42,6.05,18185,11607588.00,5.89,2.07,0.13,0.57
2018-10-22,6.54,6.67,6.79,6.48,32699,21996970.00,4.84,4.06,0.26,1.02
2018-10-23,6.72,6.52,6.72,6.49,21301,14214199.00,3.45,-2.25,-0.15,0.67
2018-10-24,6.58,6.57,6.62,6.50,14203,9430189.00,1.84,0.77,0.05,0.44
2018-10-25,6.37,6.43,6.48,6.26,18891,12142911.00,3.35,-2.13,-0.14,0.59
2018-10-26,6.45,6.58,6.68,6.45,21914,14627525.00,3.58,2.33,0.15,0.69
2018-10-29,6.45,6.51,6.60,6.45,13388,8858293.00,2.28,-1.06,-0.07,0.42
2018-10-30,6.51,6.58,6.63,6.35,19322,12752428.00,4.30,1.08,0.07,0.60
2018-10-31,6.64,6.80,7.13,6.60,33844,23343234.00,8.05,3.34,0.22,1.06
2018-11-01,6.82,6.81,6.86,6.72,28797,19809848.00,2.06,0.15,0.01,0.90
2018-11-02,6.92,6.97,6.97,6.81,36190,25265591.00,2.35,2.35,0.16,1.13
2018-11-05,6.93,6.95,7.04,6.85,28828,20259485.00,2.73,-0.29,-0.02,0.90
2018-11-06,6.93,6.91,6.94,6.78,20785,14408596.00,2.30,-0.58,-0.04,0.65
2018-11-07,6.91,6.89,7.02,6.85,21694,15244908.00,2.46,-0.29,-0.02,0.68
2018-11-08,6.93,6.83,6.98,6.79,21694,15152961.00,2.76,-0.87,-0.06,0.68
2018-11-09,6.84,6.78,6.89,6.77,15024,10363640.00,1.76,-0.73,-0.05,0.47
2018-11-12,6.83,6.98,6.98,6.74,23762,16632882.00,3.54,2.95,0.20,0.74
2018-11-13,6.97,7.14,7.24,6.91,43979,31578944.00,4.73,2.29,0.16,1.38
2018-11-14,7.08,7.12,7.29,7.08,30086,21856118.00,2.94,-0.28,-0.02,0.94
2018-11-15,7.16,7.37,7.82,7.02,60670,45450199.00,11.24,3.51,0.25,1.90
2018-11-16,7.33,7.37,7.42,7.25,42870,31841019.00,2.31,0.00,0.00,1.34
2018-11-19,7.30,7.30,7.39,7.20,32519,23900130.00,2.58,-0.95,-0.07,1.02
2018-11-20,7.24,7.19,7.40,7.18,26793,19712098.00,3.01,-1.51,-0.11,0.84
2018-11-21,7.12,7.22,7.23,7.05,25054,18087727.00,2.50,0.42,0.03,0.78
2018-11-22,7.22,7.43,7.72,7.20,51698,38762779.00,7.20,2.91,0.21,1.62
2018-11-23,7.37,6.94,7.40,6.91,40781,29424242.00,6.59,-6.59,-0.49,1.28
2018-11-26,6.88,6.91,7.05,6.88,15011,10559783.00,2.45,-0.43,-0.03,0.47
2018-11-27,6.94,7.10,7.16,6.94,21894,15663871.00,3.18,2.75,0.19,0.69
2018-11-28,7.14,7.25,7.28,6.98,30689,22132442.00,4.23,2.11,0.15,0.96
2018-11-29,7.29,7.09,7.29,7.01,25617,18531950.00,3.86,-2.21,-0.16,0.80
2018-11-30,7.09,7.34,7.39,7.03,49289,36129417.00,5.08,3.53,0.25,1.54
2018-12-03,7.53,7.39,7.62,7.39,65668,49529880.00,3.13,0.68,0.05,2.05
2018-12-04,7.36,7.43,7.50,7.32,38999,29194846.00,2.44,0.54,0.04,1.22
2018-12-05,7.24,7.48,7.77,7.22,85283,64913154.00,7.40,0.67,0.05,2.67
2018-12-06,7.42,7.38,7.68,7.32,48846,36807924.00,4.81,-1.34,-0.10,1.53
2018-12-07,7.39,7.26,7.47,7.24,28537,21114318.00,3.12,-1.63,-0.12,0.89
2018-12-10,7.07,7.06,7.22,6.92,35910,25646114.00,4.13,-2.75,-0.20,1.12
2018-12-11,7.10,7.23,7.32,7.10,33547,24439415.00,3.12,2.41,0.17,1.05
2018-12-12,7.31,7.48,7.50,7.28,55601,41621582.00,3.04,3.46,0.25,1.74
2018-12-13,7.39,7.50,7.63,7.39,58746,44634754.00,3.21,0.27,0.02,1.84
2018-12-14,7.57,7.36,7.67,7.27,42528,32148939.00,5.33,-1.87,-0.14,1.33
2018-12-17,7.48,8.10,8.10,7.42,186360,149204452.00,9.24,10.05,0.74,5.83
2018-12-18,8.31,8.92,8.92,8.31,403158,357381664.00,7.53,10.12,0.82,12.61
2018-12-19,8.51,8.42,8.62,8.12,327873,276438400.00,5.61,-5.61,-0.50,10.26
2018-12-20,8.22,8.26,8.37,8.02,188694,156389117.00,4.16,-1.90,-0.16,5.90
2018-12-21,8.16,7.81,8.20,7.53,201813,160147371.00,8.11,-5.45,-0.45,6.31
2018-12-24,7.78,7.86,7.86,7.59,129548,101273537.00,3.46,0.64,0.05,4.05
2018-12-25,7.68,7.71,7.76,7.29,139585,106675278.00,5.98,-1.91,-0.15,4.37
2018-12-26,7.72,7.82,7.92,7.52,142105,111429249.00,5.19,1.43,0.11,4.45
2018-12-27,7.83,7.44,8.11,7.44,153271,120868539.00,8.57,-4.86,-0.38,4.80
2018-12-28,7.38,7.11,7.48,7.09,120946,88747040.00,5.24,-4.44,-0.33,3.78
2019-01-02,7.19,7.14,7.22,7.04,59243,42675873.00,2.53,0.42,0.03,1.87
2019-01-03,7.13,6.93,7.18,6.87,66859,47546925.00,4.34,-2.94,-0.21,2.11
2019-01-04,6.75,7.16,7.20,6.67,91095,64623742.00,7.65,3.32,0.23,2.87
2019-01-07,7.22,7.28,7.44,7.15,106886,78534535.00,4.05,1.68,0.12,3.37
2019-01-08,7.32,7.16,7.34,7.13,58107,42179221.00,2.88,-1.65,-0.12,1.83
2019-01-09,7.20,7.15,7.31,7.14,75252,55053005.00,2.37,-0.14,-0.01,2.37
2019-01-10,7.07,7.42,7.57,7.01,128835,95674353.00,7.83,3.78,0.27,4.06
2019-01-11,7.35,7.41,7.45,7.23,83314,61868537.00,2.96,-0.13,-0.01,2.63
2019-01-14,7.38,7.30,7.46,7.27,42143,31197740.00,2.56,-1.48,-0.11,1.33
2019-01-15,7.40,7.60,7.90,7.34,115474,88334764.00,7.67,4.11,0.30,3.64
2019-01-16,7.52,7.48,7.56,7.39,67523,50878810.00,2.24,-1.58,-0.12,2.13
2019-01-17,7.47,7.30,7.61,7.29,60963,45786008.00,4.28,-2.41,-0.18,1.92
2019-01-18,7.30,7.17,7.35,7.11,55146,40090483.00,3.29,-1.78,-0.13,1.74
2019-01-21,7.19,7.21,7.33,7.17,33367,24398947.00,2.23,0.56,0.04,1.05
2019-01-22,7.17,7.03,7.21,7.01,38193,27354484.00,2.77,-2.50,-0.18,1.20
2019-01-23,7.06,7.18,7.27,7.01,43173,31246198.00,3.70,2.13,0.15,1.36
2019-01-24,7.14,7.31,7.55,7.12,66219,49185238.00,5.99,1.81,0.13,2.09
2019-01-25,7.19,7.27,7.27,7.03,65145,46935732.00,3.28,-0.55,-0.04,2.05
2019-01-28,7.35,7.14,7.48,7.11,48410,35559069.00,5.09,-1.79,-0.13,1.53
2019-01-29,7.07,6.83,7.10,6.57,48886,33761703.00,7.42,-4.34,-0.31,1.54
2019-01-30,6.80,6.70,6.89,6.70,20389,13988567.00,2.78,-1.90,-0.13,0.64
2019-01-31,6.68,6.59,6.92,6.58,23188,15755235.00,5.07,-1.64,-0.11,0.73
2019-02-01,6.64,6.96,6.98,6.63,35071,24246643.00,5.31,5.61,0.37,1.11
2019-02-11,6.97,7.11,7.12,6.93,38669,27544044.00,2.73,2.16,0.15,1.22
2019-02-12,7.10,7.17,7.34,7.07,43422,31638807.00,3.80,0.84,0.06,1.37
2019-02-13,7.11,7.27,7.30,7.11,56166,41086327.00,2.65,1.39,0.10,1.77
2019-02-14,7.29,7.34,7.39,7.22,61651,45618776.00,2.34,0.96,0.07,1.94
2019-02-15,7.36,7.30,7.45,7.25,58537,43340329.00,2.72,-0.54,-0.04,1.84
2019-02-18,7.33,7.55,7.57,7.26,83248,62767048.00,4.25,3.42,0.25,2.62
2019-02-19,7.59,7.73,7.90,7.43,126425,97420480.00,6.23,2.38,0.18,3.98
2019-02-20,7.62,7.61,7.76,7.49,71294,54847588.00,3.49,-1.55,-0.12,2.25
2019-02-21,7.62,7.61,7.87,7.57,105541,82062346.00,3.94,0.00,0.00,3.33
2019-02-22,7.56,7.75,7.78,7.53,74428,57572525.00,3.29,1.84,0.14,2.35
2019-02-25,7.86,8.24,8.47,7.70,145143,117798187.00,9.94,6.32,0.49,4.57
2019-02-26,8.22,8.04,8.28,7.95,117456,96098600.00,4.00,-2.43,-0.20,3.70
2019-02-27,8.04,8.02,8.22,7.93,90632,73858941.00,3.61,-0.25,-0.02,2.86
2019-02-28,8.10,8.38,8.82,8.08,169734,145760235.00,9.23,4.49,0.36,5.35
2019-03-01,8.35,8.29,8.38,8.07,107632,89248508.00,3.70,-1.07,-0.09,3.39
2019-03-04,8.35,8.43,8.67,8.25,159385,135150785.00,5.07,1.69,0.14,5.02
2019-03-05,8.39,8.64,8.64,8.32,128353,109490735.00,3.80,2.49,0.21,4.04
2019-03-06,8.82,8.70,8.82,8.45,147007,127663163.00,4.28,0.69,0.06,4.63
2019-03-07,9.34,8.98,9.58,8.94,211682,197534851.00,7.36,3.22,0.28,6.67
2019-03-08,8.67,8.14,8.79,8.10,160115,137141492.00,7.68,-9.35,-0.84,5.05
2019-03-11,8.22,8.55,8.57,8.18,98485,83568168.00,4.79,5.04,0.41,3.10
2019-03-12,8.70,8.93,9.07,8.60,186541,165723283.00,5.50,4.44,0.38,5.88
2019-03-13,8.80,8.64,8.97,8.52,138515,122363520.00,5.04,-3.25,-0.29,4.36
2019-03-14,8.64,8.32,8.78,8.13,93939,79759321.00,7.52,-3.70,-0.32,2.96
2019-03-15,8.63,8.71,8.97,8.42,140957,123629425.00,6.61,4.69,0.39,4.44
2019-03-18,8.73,8.77,8.81,8.37,123998,107885604.00,5.05,0.69,0.06,3.91
2019-03-19,8.84,9.08,9.66,8.83,356153,336426736.00,9.46,3.53,0.31,11.22
2019-03-20,8.77,8.81,8.82,8.48,206549,180793319.00,3.74,-2.97,-0.27,6.51
2019-03-21,8.74,8.77,8.85,8.60,123115,108499190.00,2.84,-0.45,-0.04,3.88
2019-03-22,8.77,8.75,8.78,8.55,73880,64736059.00,2.62,-0.23,-0.02,2.33
2019-03-25,8.60,8.68,8.72,8.56,84057,73249871.00,1.83,-0.80,-0.07,2.65
2019-03-26,8.68,8.37,8.71,8.29,75166,64293766.00,4.84,-3.57,-0.31,2.37
2019-03-27,8.39,8.16,8.53,7.97,69474,57396831.00,6.69,-2.51,-0.21,2.19
2019-03-28,8.06,8.15,8.33,8.04,45581,37799329.00,3.55,-0.12,-0.01,1.44
2019-03-29,8.15,8.36,8.38,8.07,52852,44088150.00,3.80,2.58,0.21,1.67
2019-04-01,8.40,8.60,9.07,8.36,196770,172301901.00,8.49,2.87,0.24,6.20
2019-04-02,8.63,8.64,8.71,8.54,96417,84015231.00,1.98,0.47,0.04,3.04
2019-04-03,8.63,8.82,8.97,8.57,145126,128941426.00,4.63,2.08,0.18,4.57
2019-04-04,8.80,9.07,9.71,8.68,254290,234801770.00,11.68,2.83,0.25,8.01
2019-04-08,9.19,9.33,9.49,8.82,231198,215826050.00,7.39,2.87,0.26,7.29
2019-04-09,9.18,9.11,9.31,8.98,129686,119048604.00,3.54,-2.36,-0.22,4.09
2019-04-10,9.11,9.05,9.40,8.96,148303,137122117.00,4.83,-0.66,-0.06,4.67
2019-04-11,9.08,9.96,9.96,9.02,149533,146946849.00,10.39,10.06,0.91,4.71
2019-04-12,10.17,9.32,10.21,9.26,307340,298549040.00,9.54,-6.43,-0.64,9.68
2019-04-15,9.05,8.99,9.44,8.97,161302,149265879.00,5.04,-3.54,-0.33,5.08
2019-04-16,8.90,9.27,9.27,8.85,99432,91103918.00,4.67,3.11,0.28,3.13
2019-04-17,9.21,9.28,9.48,9.09,137890,129098706.00,4.21,0.11,0.01,4.35
2019-04-18,9.31,9.02,9.33,8.98,85370,78382215.00,3.77,-2.80,-0.26,2.69
2019-04-19,8.97,9.11,9.20,8.94,63303,57976496.00,2.88,1.00,0.09,1.99
2019-04-22,9.14,9.13,9.24,9.03,78018,71873376.00,2.31,0.22,0.02,2.46
2019-04-23,9.07,9.38,9.80,8.95,148264,140176332.00,9.31,2.74,0.25,4.67
2019-04-24,9.23,9.43,9.52,9.20,97578,92177699.00,3.41,0.53,0.05,3.07
2019-04-25,9.37,9.07,9.76,9.05,162285,154932622.00,7.53,-3.82,-0.36,5.11
2019-04-26,8.71,8.65,8.88,8.40,113606,99274902.00,5.29,-4.63,-0.42,3.58
2019-04-29,8.63,7.78,8.85,7.78,112328,91436779.00,12.37,-10.06,-0.87,3.54
2019-04-30,7.85,8.04,8.14,7.67,93865,75282854.00,6.04,3.34,0.26,2.96
2019-05-06,7.50,7.23,7.82,7.23,88295,66504828.00,7.34,-10.07,-0.81,2.78
2019-05-07,7.34,7.26,7.43,7.11,46476,34167762.00,4.43,0.41,0.03,1.46
2019-05-08,7.02,7.18,7.38,7.00,37677,27488021.00,5.23,-1.10,-0.08,1.19
2019-05-09,7.13,7.17,7.30,7.13,27908,20314699.00,2.37,-0.14,-0.01,0.88
2019-05-10,7.28,7.90,7.90,7.28,162503,128878199.00,8.65,10.18,0.73,5.12
2019-05-13,7.62,8.21,8.62,7.59,216876,177790481.00,13.04,3.92,0.31,6.83
2019-05-14,7.82,7.82,8.01,7.68,124377,98533755.00,4.02,-4.75,-0.39,3.92
2019-05-15,7.84,7.89,7.98,7.78,77378,61578014.00,2.56,0.90,0.07,2.44
2019-05-16,7.89,7.83,7.89,7.74,53114,41887907.00,1.90,-0.76,-0.06,1.67
2019-05-17,7.83,7.80,7.90,7.44,70957,54947280.00,5.87,-0.38,-0.03,2.24
2019-05-20,7.85,8.02,8.14,7.72,81781,65474148.00,5.38,2.82,0.22,2.58
2019-05-21,7.98,8.12,8.22,7.92,79729,65376304.00,3.74,1.25,0.10,2.51
2019-05-22,8.19,8.05,8.22,7.91,61794,50248372.00,3.82,-0.86,-0.07,1.95
2019-05-23,8.07,7.67,8.07,7.64,42867,33641774.00,5.34,-4.72,-0.38,1.35
2019-05-24,7.60,7.59,7.76,7.53,25159,19370749.00,3.00,-1.04,-0.08,0.79
2019-05-27,7.59,7.70,7.80,7.46,34409,26667629.00,4.48,1.45,0.11,1.08
2019-05-28,7.70,7.76,7.86,7.63,40402,31785122.00,2.99,0.78,0.06,1.27
2019-05-29,7.75,7.73,7.84,7.69,28243,22183990.00,1.93,-0.39,-0.03,0.89
2019-05-30,7.61,7.37,7.73,7.18,76133,56754997.00,7.12,-4.66,-0.36,2.40
2019-05-31,7.36,7.53,7.61,7.32,56426,42817934.00,3.93,2.17,0.16,1.78
2019-06-03,7.67,7.45,7.80,7.22,68805,52082219.00,7.70,-1.06,-0.08,2.17
2019-06-04,7.32,7.16,7.38,7.05,58212,42286325.00,4.43,-3.89,-0.29,1.83
2019-06-05,7.25,7.26,7.39,7.18,39728,29294112.00,2.93,1.40,0.10,1.25
2019-06-06,7.26,7.00,7.28,6.97,38224,27313509.00,4.27,-3.58,-0.26,1.20
2019-06-10,7.17,7.09,7.18,7.03,25744,18539177.00,2.14,1.29,0.09,0.81
2019-06-11,7.09,7.30,7.33,7.07,43975,32255964.00,3.67,2.96,0.21,1.39
2019-06-12,7.29,7.29,7.40,7.23,35697,26363056.00,2.33,-0.14,-0.01,1.12
2019-06-13,7.31,7.39,7.47,7.17,40680,30270828.00,4.12,1.37,0.10,1.28
2019-06-14,7.40,7.12,7.41,7.06,41028,29808828.00,4.74,-3.65,-0.27,1.29
2019-06-17,7.17,7.11,7.18,7.03,17561,12620187.00,2.11,-0.14,-0.01,0.55
2019-06-18,7.11,7.12,7.18,7.07,14171,10210454.00,1.55,0.14,0.01,0.45
2019-06-19,7.32,7.18,7.32,7.16,24978,18230026.00,2.25,0.84,0.06,0.79
2019-06-20,7.14,7.26,7.31,7.09,31575,23019288.00,3.06,1.11,0.08,0.99
2019-06-21,7.52,7.47,7.62,7.35,59497,45132179.00,3.72,2.89,0.21,1.87
2019-06-24,7.50,7.48,7.55,7.38,31576,23824290.00,2.28,0.13,0.01,0.99
2019-06-25,7.50,7.32,7.50,7.23,29691,21973529.00,3.61,-2.14,-0.16,0.94
2019-06-26,7.22,7.31,7.46,7.22,25620,19070337.00,3.28,-0.14,-0.01,0.81
2019-06-27,7.33,7.35,7.44,7.31,26697,19858737.00,1.78,0.55,0.04,0.84
2019-06-28,7.41,7.13,7.41,7.08,30779,22313782.00,4.49,-2.99,-0.22,0.97
2019-07-01,7.43,7.85,7.85,7.35,77253,60513663.00,7.01,10.10,0.72,2.43
2019-07-02,7.85,8.02,8.64,7.59,337282,283615888.00,13.38,2.17,0.17,10.63
2019-07-03,7.60,7.68,7.80,7.37,225846,172536230.00,5.36,-4.24,-0.34,7.12
2019-07-04,7.67,7.61,7.80,7.53,120601,93386392.00,3.52,-0.91,-0.07,3.80
2019-07-05,7.52,7.55,7.63,7.41,80120,60827471.00,2.89,-0.79,-0.06,2.52
2019-07-08,7.55,7.21,7.57,7.16,72077,53212930.00,5.43,-4.50,-0.34,2.27
2019-07-09,7.17,7.23,7.26,7.06,40739,29563641.00,2.77,0.28,0.02,1.28
2019-07-10,7.23,7.14,7.31,7.10,33498,24162926.00,2.90,-1.24,-0.09,1.06
2019-07-11,7.18,7.15,7.27,7.09,29857,21515197.00,2.52,0.14,0.01,0.94
2019-07-12,7.15,7.16,7.18,7.05,23407,16770133.00,1.82,0.14,0.01,0.74
2019-07-15,6.88,6.85,6.97,6.67,62355,42703545.00,4.19,-4.33,-0.31,1.96
2019-07-16,6.86,6.89,6.94,6.85,22165,15317257.00,1.31,0.58,0.04,0.70
2019-07-17,6.89,6.87,6.95,6.84,20862,14434788.00,1.60,-0.29,-0.02,0.66
2019-07-18,6.82,6.70,6.83,6.67,31070,21007239.00,2.33,-2.47,-0.17,0.98
2019-07-19,6.70,6.72,6.80,6.70,17535,11904964.00,1.49,0.30,0.02,0.55
2019-07-22,6.67,6.44,6.76,6.42,34985,22908449.00,5.06,-4.17,-0.28,1.10
2019-07-23,6.45,6.52,6.56,6.45,14402,9405691.00,1.71,1.24,0.08,0.45
2019-07-24,6.54,6.61,6.66,6.54,19972,13269510.00,1.84,1.38,0.09,0.63
2019-07-25,6.59,6.57,6.67,6.54,21358,14154902.00,1.97,-0.61,-0.04,0.67
2019-07-26,6.59,6.61,6.64,6.55,13188,8742940.00,1.37,0.61,0.04,0.42
2019-07-29,6.57,6.62,6.64,6.57,13499,8954759.00,1.06,0.15,0.01,0.43
2019-07-30,6.65,6.63,6.69,6.60,20103,13432153.00,1.36,0.15,0.01,0.63
2019-07-31,6.63,6.55,6.67,6.53,15164,9995728.00,2.11,-1.21,-0.08,0.48
2019-08-01,6.49,6.64,6.86,6.49,37753,25309900.00,5.65,1.37,0.09,1.19
2019-08-02,6.37,6.42,6.50,6.35,27986,18072904.00,2.26,-3.31,-0.22,0.88
2019-08-05,6.45,6.39,6.61,6.39,21425,13929550.00,3.43,-0.47,-0.03,0.68
2019-08-06,6.27,6.08,6.27,5.87,43156,26324319.00,6.26,-4.85,-0.31,1.36
2019-08-07,6.16,6.06,6.16,6.04,20630,12637809.00,1.97,-0.33,-0.02,0.65
2019-08-08,6.07,6.09,6.16,6.07,18906,11601990.00,1.49,0.50,0.03,0.60
2019-08-09,6.15,6.03,6.17,6.00,22211,13589452.00,2.79,-0.99,-0.06,0.70
2019-08-12,6.04,6.13,6.14,6.03,14821,9048785.00,1.82,1.66,0.10,0.47
2019-08-13,6.06,6.02,6.12,5.99,13780,8350827.00,2.12,-1.79,-0.11,0.43
2019-08-14,6.09,6.63,6.63,6.09,77707,50604438.00,8.97,10.13,0.61,2.45
2019-08-15,7.10,6.69,7.30,6.67,267892,188878125.00,9.50,0.90,0.06,8.44
2019-08-16,6.47,6.50,6.63,6.41,191008,124665439.00,3.29,-2.84,-0.19,6.02
2019-08-19,6.47,6.57,6.60,6.33,147225,95954031.00,4.15,1.08,0.07,4.64
2019-08-20,6.55,6.65,6.93,6.49,146732,98700777.00,6.70,1.22,0.08,4.62
2019-08-21,6.46,6.68,6.71,6.45,99464,65597714.00,3.91,0.45,0.03,3.13
2019-08-22,6.66,6.58,6.66,6.50,59859,39470265.00,2.40,-1.50,-0.10,1.89
2019-08-23,6.55,6.46,6.60,6.43,46682,30406079.00,2.58,-1.82,-0.12,1.47
2019-08-26,6.23,6.25,6.36,6.22,48296,30508164.00,2.17,-3.25,-0.21,1.52
2019-08-27,6.31,6.38,6.44,6.31,46158,29553805.00,2.08,2.08,0.13,1.45
2019-08-28,6.45,6.68,7.02,6.45,185096,127346664.00,8.93,4.70,0.30,5.83
2019-08-29,6.43,6.55,6.61,6.34,99633,65045086.00,4.04,-1.95,-0.13,3.14
2019-08-30,6.43,6.34,6.60,6.31,66643,43029226.00,4.43,-3.21,-0.21,2.10
2019-09-02,6.31,6.48,6.50,6.31,45892,29770599.00,3.00,2.21,0.14,1.45
2019-09-03,6.51,6.51,6.52,6.44,40655,26490176.00,1.23,0.46,0.03,1.28
2019-09-04,6.51,6.58,6.59,6.46,46466,30458562.00,2.00,1.08,0.07,1.46
2019-09-05,6.63,6.61,6.71,6.57,68899,45915279.00,2.13,0.46,0.03,2.17
2019-09-06,6.60,6.65,6.70,6.59,48359,32306096.00,1.66,0.61,0.04,1.52
2019-09-09,6.77,6.83,6.85,6.65,74977,50858847.00,3.01,2.71,0.18,2.36
2019-09-10,6.83,6.86,7.09,6.73,84189,58169394.00,5.27,0.44,0.03,2.65
2019-09-11,6.90,6.98,7.01,6.85,70179,48821822.00,2.33,1.75,0.12,2.21
2019-09-12,7.06,6.92,7.06,6.81,53420,37032273.00,3.58,-0.86,-0.06,1.68
2019-09-16,6.92,6.89,6.96,6.85,39606,27420703.00,1.59,-0.43,-0.03,1.25
2019-09-17,6.84,6.69,6.89,6.61,48879,32995477.00,4.06,-2.90,-0.20,1.54
2019-09-18,6.75,6.75,6.77,6.67,28564,19284176.00,1.49,0.90,0.06,0.90
2019-09-19,6.72,6.88,6.90,6.72,39518,27044475.00,2.67,1.93,0.13,1.25
2019-09-20,6.87,6.90,6.98,6.82,50010,34708052.00,2.33,0.29,0.02,1.58
2019-09-23,6.87,6.97,7.39,6.72,81800,57599834.00,9.71,1.01,0.07,2.58
2019-09-24,6.95,6.96,6.97,6.80,47870,33139168.00,2.44,-0.14,-0.01,1.51
2019-09-25,6.92,7.08,7.13,6.82,102681,72619748.00,4.45,1.72,0.12,3.24
2019-09-26,7.07,6.69,7.08,6.65,69986,47995983.00,6.07,-5.51,-0.39,2.21
2019-09-27,6.62,6.65,6.75,6.62,43468,29097955.00,1.94,-0.60,-0.04,1.37
2019-09-30,6.58,6.37,6.67,6.37,36927,24042442.00,4.51,-4.21,-0.28,1.16
2019-10-08,6.46,6.44,6.54,6.38,21257,13774931.00,2.51,1.10,0.07,0.67
2019-10-09,6.39,6.49,6.49,6.36,15203,9812257.00,2.02,0.78,0.05,0.48
2019-10-10,6.54,6.56,6.65,6.48,28802,19013658.00,2.62,1.08,0.07,0.91
2019-10-11,6.57,6.61,6.62,6.48,25120,16559567.00,2.13,0.76,0.05,0.79
2019-10-14,6.77,6.69,6.78,6.62,30852,20743864.00,2.42,1.21,0.08,0.97
2019-10-15,6.66,6.67,6.70,6.52,27903,18524184.00,2.69,-0.30,-0.02,0.88
2019-10-16,6.67,6.58,6.74,6.55,20047,13311507.00,2.85,-1.35,-0.09,0.63
2019-10-17,6.58,6.61,6.66,6.55,13467,8929302.00,1.67,0.46,0.03,0.42
2019-10-18,6.61,6.42,6.65,6.35,26887,17506268.00,4.54,-2.87,-0.19,0.85
2019-10-21,6.57,6.60,6.91,6.48,43008,28656747.00,6.70,2.80,0.18,1.36
2019-10-22,6.58,6.51,6.58,6.45,29440,19279359.00,1.97,-1.36,-0.09,0.93
2019-10-23,6.51,6.61,6.62,6.47,23586,15575103.00,2.30,1.54,0.10,0.74
2019-10-24,6.59,6.64,6.71,6.48,29291,19504740.00,3.48,0.45,0.03,0.92
2019-10-25,6.60,6.74,6.77,6.58,36941,24834002.00,2.86,1.51,0.10,1.16
2019-10-28,6.64,6.85,7.06,6.63,80356,55557845.00,6.38,1.63,0.11,2.53
2019-10-29,6.83,6.99,7.24,6.74,124685,87617579.00,7.30,2.04,0.14,3.93
2019-10-30,6.90,6.77,6.99,6.69,69248,47206738.00,4.29,-3.15,-0.22,2.18
2019-10-31,6.75,6.60,6.86,6.60,48491,32755394.00,3.84,-2.51,-0.17,1.53
2019-11-01,6.57,6.88,6.92,6.53,66939,45750263.00,5.91,4.24,0.28,2.11
2019-11-04,6.94,6.87,6.94,6.73,63042,43022210.00,3.05,-0.15,-0.01,1.99
2019-11-05,6.80,6.67,6.81,6.55,55106,36849573.00,3.78,-2.91,-0.20,1.74
2019-11-06,6.65,6.61,6.76,6.57,34439,23034026.00,2.85,-0.90,-0.06,1.09
2019-11-07,6.56,6.53,6.63,6.49,24407,16067507.00,2.12,-1.21,-0.08,0.77
2019-11-08,6.57,6.47,6.68,6.47,24688,16231143.00,3.22,-0.92,-0.06,0.78
2019-11-11,6.41,6.26,6.46,6.24,30605,19433215.00,3.40,-3.25,-0.21,0.96
2019-11-12,6.27,6.30,6.33,6.21,13998,8818800.00,1.92,0.64,0.04,0.44
2019-11-13,6.30,6.27,6.30,6.22,12180,7661683.00,1.27,-0.48,-0.03,0.38
2019-11-14,6.27,6.31,6.34,6.15,11648,7368031.00,3.03,0.64,0.04,0.37
2019-11-15,6.24,6.15,6.33,6.12,14794,9240312.00,3.33,-2.54,-0.16,0.47
2019-11-18,6.17,6.20,6.23,6.12,8697,5401114.00,1.79,0.81,0.05,0.27
2019-11-19,6.20,6.31,6.31,6.17,12682,7998123.00,2.26,1.77,0.11,0.40
2019-11-20,6.31,6.23,6.31,6.19,12883,8090437.00,1.90,-1.27,-0.08,0.41
2019-11-21,6.22,6.21,6.24,6.17,12971,8080213.00,1.12,-0.32,-0.02,0.41
2019-11-22,6.22,6.26,6.49,6.21,34162,21756818.00,4.51,0.81,0.05,1.08
2019-11-25,6.27,6.24,6.33,6.15,19206,11992374.00,2.88,-0.32,-0.02,0.61
2019-11-26,6.20,6.27,6.32,6.20,12244,7704352.00,1.92,0.48,0.03,0.39
2019-11-27,6.27,6.24,6.27,6.20,12326,7724016.00,1.12,-0.48,-0.03,0.39
2019-11-28,6.26,6.17,6.27,6.17,11107,6940925.00,1.60,-1.12,-0.07,0.35
2019-11-29,6.18,6.14,6.20,6.09,12560,7755635.00,1.78,-0.49,-0.03,0.40
2019-12-02,6.21,6.25,6.27,6.16,15629,9792008.00,1.79,1.79,0.11,0.49
2019-12-03,6.22,6.29,6.30,6.19,13922,8738540.00,1.76,0.64,0.04,0.44
2019-12-04,6.30,6.31,6.36,6.25,14710,9314999.00,1.75,0.32,0.02,0.46
2019-12-05,6.30,6.35,6.35,6.28,20237,12859286.00,1.11,0.63,0.04,0.64
2019-12-06,6.35,6.34,6.39,6.25,16363,10372111.00,2.20,-0.16,-0.01,0.52
2019-12-09,6.34,6.32,6.36,6.27,17435,11055715.00,1.42,-0.32,-0.02,0.55
2019-12-10,6.29,6.30,6.32,6.24,16112,10164058.00,1.27,-0.32,-0.02,0.51
2019-12-11,6.32,6.25,6.32,6.24,13427,8462897.00,1.27,-0.79,-0.05,0.42
2019-12-12,6.36,6.40,6.85,6.32,70941,46117111.00,8.48,2.40,0.15,2.24
2019-12-13,6.30,6.41,6.44,6.30,34803,22282107.00,2.19,0.16,0.01,1.10
2019-12-16,6.43,6.46,6.47,6.38,29537,19057926.00,1.40,0.78,0.05,0.93
2019-12-17,6.48,6.54,6.62,6.42,38568,25366123.00,3.10,1.24,0.08,1.22
2019-12-18,6.54,6.52,6.58,6.49,31455,20605593.00,1.38,-0.31,-0.02,0.99
2019-12-19,6.48,6.56,6.60,6.47,36494,23997370.00,1.99,0.61,0.04,1.15
2019-12-20,6.64,6.45,6.64,6.45,27847,18243854.00,2.90,-1.68,-0.11,0.88
2019-12-23,6.45,6.35,6.52,6.33,28467,18380103.00,2.95,-1.55,-0.10,0.90
2019-12-24,6.39,6.56,6.57,6.35,42371,27649045.00,3.46,3.31,0.21,1.34
2019-12-25,6.56,6.55,6.64,6.52,39349,26025682.00,1.83,-0.15,-0.01,1.24
2019-12-26,6.55,6.61,6.63,6.52,33118,21883547.00,1.68,0.92,0.06,1.04
2019-12-27,6.63,6.48,6.81,6.48,41294,27442112.00,4.99,-1.97,-0.13,1.30
2019-12-30,6.45,6.56,6.59,6.41,26901,17611319.00,2.78,1.23,0.08,0.85
2019-12-31,6.54,6.58,6.61,6.49,24402,16046587.00,1.83,0.30,0.02,0.77
2020-01-02,6.60,6.66,6.67,6.53,33872,22568173.00,2.13,1.22,0.08,1.07
2020-01-03,6.65,6.66,6.72,6.60,27759,18554913.00,1.80,0.00,0.00,0.87
2020-01-06,6.65,6.73,6.77,6.56,44546,29958958.00,3.15,1.05,0.07,1.40
2020-01-07,6.77,6.82,6.84,6.67,51163,34793464.00,2.53,1.34,0.09,1.61
2020-01-08,6.77,6.76,7.12,6.69,99058,68317980.00,6.30,-0.88,-0.06,3.12
2020-01-09,6.77,6.87,7.01,6.70,77284,53224067.00,4.59,1.63,0.11,2.44
2020-01-10,6.85,6.74,6.89,6.72,34530,23540062.00,2.47,-1.89,-0.13,1.09
2020-01-13,6.76,6.79,6.85,6.65,33871,22995179.00,2.97,0.74,0.05,1.07
2020-01-14,6.85,6.90,7.00,6.78,52929,36646612.00,3.24,1.62,0.11,1.67
2020-01-15,6.95,6.81,6.95,6.68,38759,26498081.00,3.91,-1.30,-0.09,1.22
2020-01-16,6.77,6.66,6.79,6.62,34603,23252325.00,2.50,-2.20,-0.15,1.09
2020-01-17,6.67,6.55,6.71,6.54,27167,18018330.00,2.55,-1.65,-0.11,0.86
2020-01-20,6.52,6.61,6.62,6.51,21523,14212207.00,1.68,0.92,0.06,0.68
2020-01-21,6.63,6.50,6.63,6.49,21017,13796131.00,2.12,-1.66,-0.11,0.66
2020-01-22,6.48,6.50,6.62,6.32,33896,21810741.00,4.62,0.00,0.00,1.07
2020-01-23,6.46,6.27,6.58,6.21,39588,25327360.00,5.69,-3.54,-0.23,1.25
2020-02-03,5.64,5.64,5.64,5.64,6021,3413907.00,0.00,-10.05,-0.63,0.19
2020-02-04,5.09,5.29,5.43,5.09,44802,23908159.00,6.03,-6.21,-0.35,1.41
2020-02-05,5.33,5.46,5.64,5.29,44071,24365927.00,6.62,3.21,0.17,1.39
2020-02-06,5.49,5.51,5.56,5.44,36305,20061047.00,2.20,0.92,0.05,1.14
2020-02-07,5.46,5.58,5.59,5.46,25846,14375185.00,2.36,1.27,0.07,0.81
2020-02-10,5.57,5.69,5.72,5.51,23739,13462487.00,3.76,1.97,0.11,0.75
2020-02-11,5.71,5.62,5.74,5.59,20452,11613576.00,2.64,-1.23,-0.07,0.64
2020-02-12,5.64,5.81,5.85,5.62,40773,23689379.00,4.09,3.38,0.19,1.28
2020-02-13,5.83,5.72,5.83,5.71,29907,17301589.00,2.07,-1.55,-0.09,0.94
2020-02-14,5.70,5.69,5.77,5.64,20769,11901197.00,2.27,-0.52,-0.03,0.65
2020-02-17,5.68,5.88,5.89,5.67,28662,16788059.00,3.87,3.34,0.19,0.90
2020-02-18,5.92,5.95,6.00,5.83,50094,29701122.00,2.89,1.19,0.07,1.58
2020-02-19,5.95,5.92,6.04,5.92,51761,31065382.00,2.02,-0.50,-0.03,1.63
2020-02-20,5.97,6.06,6.14,5.92,49348,29953189.00,3.72,2.36,0.14,1.56
2020-02-21,6.07,6.14,6.16,5.97,77215,47106655.00,3.14,1.32,0.08,2.43
2020-02-24,6.14,6.27,6.29,6.05,67033,41688011.00,3.91,2.12,0.13,2.11
2020-02-25,6.09,6.22,6.27,5.89,71744,43999966.00,6.06,-0.80,-0.05,2.26
2020-02-26,6.37,6.21,6.37,6.11,65151,40905878.00,4.18,-0.16,-0.01,2.05
2020-02-27,6.24,6.12,6.24,6.06,34263,21168456.00,2.90,-1.45,-0.09,1.08
2020-02-28,5.92,5.80,6.00,5.71,52594,30846028.00,4.74,-5.23,-0.32,1.66
2020-03-02,5.92,5.88,6.00,5.82,31986,19040179.00,3.10,1.38,0.08,1.01
2020-03-03,6.03,5.99,6.13,5.93,38751,23548148.00,3.40,1.87,0.11,1.22
2020-03-04,5.97,6.05,6.06,5.91,37734,22754140.00,2.50,1.00,0.06,1.19
2020-03-05,6.22,6.17,6.31,6.13,69345,43192022.00,2.98,1.98,0.12,2.19
2020-03-06,6.07,6.25,6.29,6.00,58712,36400384.00,4.70,1.30,0.08,1.85
2020-03-09,6.15,6.13,6.37,6.07,71845,44827573.00,4.80,-1.92,-0.12,2.26
2020-03-10,6.11,6.34,6.34,5.90,74983,46364759.00,7.18,3.43,0.21,2.36
2020-03-11,6.35,6.20,6.62,6.18,88955,57294960.00,6.94,-2.21,-0.14,2.80
2020-03-12,6.14,6.29,6.35,6.05,70218,43509942.00,4.84,1.45,0.09,2.21
2020-03-13,6.07,6.37,6.42,5.87,80285,49524050.00,8.74,1.27,0.08,2.53
2020-03-16,6.40,6.08,6.42,5.94,84187,52476506.00,7.54,-4.55,-0.29,2.65
2020-03-17,6.05,6.13,6.21,5.73,64582,39232500.00,7.89,0.82,0.05,2.04
2020-03-18,6.14,5.99,6.35,5.99,89611,55759104.00,5.87,-2.28,-0.14,2.82
2020-03-19,6.06,6.15,6.18,5.82,70891,42761570.00,6.01,2.67,0.16,2.23
2020-03-20,6.18,6.42,6.44,6.14,124706,78805258.00,4.88,4.39,0.27,3.93
2020-03-23,6.24,6.40,6.65,6.23,133739,86374876.00,6.54,-0.31,-0.02,4.21
2020-03-24,6.49,6.33,6.61,6.04,150257,95368102.00,8.91,-1.09,-0.07,4.73
2020-03-25,6.40,6.27,6.53,6.15,109248,69017284.00,6.00,-0.95,-0.06,3.44
2020-03-26,6.22,5.95,6.23,5.92,94051,57323191.00,4.94,-5.10,-0.32,2.96
2020-03-27,5.97,5.76,6.01,5.73,52943,31377842.00,4.71,-3.19,-0.19,1.67
2020-03-30,5.61,5.49,5.64,5.42,42455,23553451.00,3.82,-4.69,-0.27,1.34
2020-03-31,5.59,5.46,5.62,5.43,19101,10572441.00,3.46,-0.55,-0.03,0.60
2020-04-01,5.52,5.47,5.56,5.42,22829,12625318.00,2.56,0.18,0.01,0.72
2020-04-02,5.47,5.57,5.58,5.42,19736,10951636.00,2.93,1.83,0.10,0.62
2020-04-03,5.58,5.42,5.59,5.39,33320,18357023.00,3.59,-2.69,-0.15,1.05
2020-04-07,5.48,5.58,5.61,5.48,29159,16279877.00,2.40,2.95,0.16,0.92
2020-04-08,5.55,5.67,5.68,5.52,30923,17460227.00,2.87,1.61,0.09,0.97
2020-04-09,5.67,5.72,5.79,5.67,29632,17076554.00,2.12,0.88,0.05,0.93
2020-04-10,5.72,5.65,5.74,5.51,30346,17071613.00,4.02,-1.22,-0.07,0.96
2020-04-13,5.50,5.54,5.63,5.48,16935,9420042.00,2.65,-1.95,-0.11,0.53
2020-04-14,5.54,5.61,5.63,5.54,16403,9195219.00,1.62,1.26,0.07,0.52
2020-04-15,5.63,5.49,5.63,5.44,24597,13646938.00,3.39,-2.14,-0.12,0.78
2020-04-16,5.48,5.57,5.65,5.45,19327,10802009.00,3.64,1.46,0.08,0.61
2020-04-17,5.60,5.54,5.63,5.51,21436,11988894.00,2.15,-0.54,-0.03,0.68
2020-04-20,5.53,5.54,5.60,5.50,16057,8938667.00,1.81,0.00,0.00,0.51
2020-04-21,5.50,5.49,5.54,5.42,17092,9400049.00,2.17,-0.90,-0.05,0.54
2020-04-22,5.43,5.54,5.55,5.43,18822,10408246.00,2.19,0.91,0.05,0.59
2020-04-23,5.57,5.54,5.65,5.48,23007,12859524.00,3.07,0.00,0.00,0.72
2020-04-24,5.53,5.39,5.57,5.34,24403,13311748.00,4.15,-2.71,-0.15,0.77
2020-04-27,5.40,5.28,5.47,5.27,19747,10631794.00,3.71,-2.04,-0.11,0.62
2020-04-28,5.19,5.17,5.37,4.83,34214,17339898.00,10.23,-2.08,-0.11,1.08
2020-04-29,5.22,5.02,5.22,5.00,33795,17398942.00,4.26,-2.90,-0.15,1.06
2020-04-30,5.01,5.10,5.15,5.01,24244,12404582.00,2.79,1.59,0.08,0.76
